LOCATION,INDICATOR,SUBJECT,MEASURE,FREQUENCY,TIME,Value,Flag Codes
AUS,SHPRICE,TOT,IDX2015,A,1958,2.613002,
AUS,SHPRICE,TOT,IDX2015,A,1959,3.256618,
AUS,SHPRICE,TOT,IDX2015,A,1960,3.966841,
AUS,SHPRICE,TOT,IDX2015,A,1961,3.653984,
AUS,SHPRICE,TOT,IDX2015,A,1962,3.67826,
AUS,SHPRICE,TOT,IDX2015,A,1963,4.027682,
AUS,SHPRICE,TOT,IDX2015,A,1964,4.528525,
AUS,SHPRICE,TOT,IDX2015,A,1965,3.975944,
AUS,SHPRICE,TOT,IDX2015,A,1966,3.951213,
AUS,SHPRICE,TOT,IDX2015,A,1967,4.632608,
AUS,SHPRICE,TOT,IDX2015,A,1968,6.652974,
AUS,SHPRICE,TOT,IDX2015,A,1969,7.317072,
AUS,SHPRICE,TOT,IDX2015,A,1970,7.011195,
AUS,SHPRICE,TOT,IDX2015,A,1971,5.85566,
AUS,SHPRICE,TOT,IDX2015,A,1972,7.038809,
AUS,SHPRICE,TOT,IDX2015,A,1973,6.581208,
AUS,SHPRICE,TOT,IDX2015,A,1974,4.882499,
AUS,SHPRICE,TOT,IDX2015,A,1975,4.592401,
AUS,SHPRICE,TOT,IDX2015,A,1976,5.68406,
AUS,SHPRICE,TOT,IDX2015,A,1977,5.451769,
AUS,SHPRICE,TOT,IDX2015,A,1978,6.177924,
AUS,SHPRICE,TOT,IDX2015,A,1979,7.639335,
AUS,SHPRICE,TOT,IDX2015,A,1980,11.57022,
AUS,SHPRICE,TOT,IDX2015,A,1981,11.70298,
AUS,SHPRICE,TOT,IDX2015,A,1982,8.965257,
AUS,SHPRICE,TOT,IDX2015,A,1983,11.62757,
AUS,SHPRICE,TOT,IDX2015,A,1984,13.21127,
AUS,SHPRICE,TOT,IDX2015,A,1985,16.51881,
AUS,SHPRICE,TOT,IDX2015,A,1986,22.2822,
AUS,SHPRICE,TOT,IDX2015,A,1987,31.04002,
AUS,SHPRICE,TOT,IDX2015,A,1988,26.97814,
AUS,SHPRICE,TOT,IDX2015,A,1989,28.96189,
AUS,SHPRICE,TOT,IDX2015,A,1990,26.76051,
AUS,SHPRICE,TOT,IDX2015,A,1991,27.82293,
AUS,SHPRICE,TOT,IDX2015,A,1992,28.80249,
AUS,SHPRICE,TOT,IDX2015,A,1993,32.66813,
AUS,SHPRICE,TOT,IDX2015,A,1994,36.48568,
AUS,SHPRICE,TOT,IDX2015,A,1995,36.34457,
AUS,SHPRICE,TOT,IDX2015,A,1996,40.20248,
AUS,SHPRICE,TOT,IDX2015,A,1997,45.42818,
AUS,SHPRICE,TOT,IDX2015,A,1998,47.5461,
AUS,SHPRICE,TOT,IDX2015,A,1999,52.8114,
AUS,SHPRICE,TOT,IDX2015,A,2000,58.39363,
AUS,SHPRICE,TOT,IDX2015,A,2001,60.10427,
AUS,SHPRICE,TOT,IDX2015,A,2002,58.74319,
AUS,SHPRICE,TOT,IDX2015,A,2003,55.88747,
AUS,SHPRICE,TOT,IDX2015,A,2004,64.58517,
AUS,SHPRICE,TOT,IDX2015,A,2005,78.48778,
AUS,SHPRICE,TOT,IDX2015,A,2006,93.19911,
AUS,SHPRICE,TOT,IDX2015,A,2007,113.0436,
AUS,SHPRICE,TOT,IDX2015,A,2008,90.91695,
AUS,SHPRICE,TOT,IDX2015,A,2009,74.28973,
AUS,SHPRICE,TOT,IDX2015,A,2010,84.44438,
AUS,SHPRICE,TOT,IDX2015,A,2011,81.73172,
AUS,SHPRICE,TOT,IDX2015,A,2012,78.3949,
AUS,SHPRICE,TOT,IDX2015,A,2013,92.30541,
AUS,SHPRICE,TOT,IDX2015,A,2014,98.61095,
AUS,SHPRICE,TOT,IDX2015,A,2015,100,
AUS,SHPRICE,TOT,IDX2015,A,2016,96.06994,
AUS,SHPRICE,TOT,IDX2015,A,2017,105.6478,
AUS,SHPRICE,TOT,IDX2015,A,2018,109.2051,
AUS,SHPRICE,TOT,IDX2015,A,2019,117.3262,
AUS,SHPRICE,TOT,IDX2015,A,2020,111.1882,
AUT,SHPRICE,TOT,IDX2015,A,1957,5.341806,
AUT,SHPRICE,TOT,IDX2015,A,1958,4.904708,
AUT,SHPRICE,TOT,IDX2015,A,1959,6.468522,
AUT,SHPRICE,TOT,IDX2015,A,1960,8.825379,
AUT,SHPRICE,TOT,IDX2015,A,1961,14.14869,
AUT,SHPRICE,TOT,IDX2015,A,1962,14.72092,
AUT,SHPRICE,TOT,IDX2015,A,1963,12.13532,
AUT,SHPRICE,TOT,IDX2015,A,1964,11.54573,
AUT,SHPRICE,TOT,IDX2015,A,1965,11.04861,
AUT,SHPRICE,TOT,IDX2015,A,1966,10.50696,
AUT,SHPRICE,TOT,IDX2015,A,1967,9.933977,
AUT,SHPRICE,TOT,IDX2015,A,1968,10.51914,
AUT,SHPRICE,TOT,IDX2015,A,1969,10.54116,
AUT,SHPRICE,TOT,IDX2015,A,1970,11.76789,
AUT,SHPRICE,TOT,IDX2015,A,1971,11.95279,
AUT,SHPRICE,TOT,IDX2015,A,1972,12.99461,
AUT,SHPRICE,TOT,IDX2015,A,1973,15.40357,
AUT,SHPRICE,TOT,IDX2015,A,1974,14.56272,
AUT,SHPRICE,TOT,IDX2015,A,1975,14.48146,
AUT,SHPRICE,TOT,IDX2015,A,1976,14.69967,
AUT,SHPRICE,TOT,IDX2015,A,1977,13.80704,
AUT,SHPRICE,TOT,IDX2015,A,1978,12.91291,
AUT,SHPRICE,TOT,IDX2015,A,1979,13.01557,
AUT,SHPRICE,TOT,IDX2015,A,1980,13.5249,
AUT,SHPRICE,TOT,IDX2015,A,1981,12.12979,
AUT,SHPRICE,TOT,IDX2015,A,1982,10.77073,
AUT,SHPRICE,TOT,IDX2015,A,1983,11.57881,
AUT,SHPRICE,TOT,IDX2015,A,1984,11.95528,
AUT,SHPRICE,TOT,IDX2015,A,1985,21.969,
AUT,SHPRICE,TOT,IDX2015,A,1986,28.62971,
AUT,SHPRICE,TOT,IDX2015,A,1987,24.33186,
AUT,SHPRICE,TOT,IDX2015,A,1988,23.1332,
AUT,SHPRICE,TOT,IDX2015,A,1989,40.02851,
AUT,SHPRICE,TOT,IDX2015,A,1990,65.92688,
AUT,SHPRICE,TOT,IDX2015,A,1991,54.92773,
AUT,SHPRICE,TOT,IDX2015,A,1992,43.62307,
AUT,SHPRICE,TOT,IDX2015,A,1993,42.58729,
AUT,SHPRICE,TOT,IDX2015,A,1994,48.85884,
AUT,SHPRICE,TOT,IDX2015,A,1995,42.32459,
AUT,SHPRICE,TOT,IDX2015,A,1996,44.36375,
AUT,SHPRICE,TOT,IDX2015,A,1997,50.19534,
AUT,SHPRICE,TOT,IDX2015,A,1998,56.54815,
AUT,SHPRICE,TOT,IDX2015,A,1999,51.16523,
AUT,SHPRICE,TOT,IDX2015,A,2000,50.73743,
AUT,SHPRICE,TOT,IDX2015,A,2001,50.79045,
AUT,SHPRICE,TOT,IDX2015,A,2002,51.46922,
AUT,SHPRICE,TOT,IDX2015,A,2003,57.27275,
AUT,SHPRICE,TOT,IDX2015,A,2004,82.07992,
AUT,SHPRICE,TOT,IDX2015,A,2005,119.5495,
AUT,SHPRICE,TOT,IDX2015,A,2006,155.9491,
AUT,SHPRICE,TOT,IDX2015,A,2007,185.8775,
AUT,SHPRICE,TOT,IDX2015,A,2008,133.7203,
AUT,SHPRICE,TOT,IDX2015,A,2009,84.50336,
AUT,SHPRICE,TOT,IDX2015,A,2010,101.8649,
AUT,SHPRICE,TOT,IDX2015,A,2011,102.7466,
AUT,SHPRICE,TOT,IDX2015,A,2012,88.9893,
AUT,SHPRICE,TOT,IDX2015,A,2013,100.3004,
AUT,SHPRICE,TOT,IDX2015,A,2014,99.13908,
AUT,SHPRICE,TOT,IDX2015,A,2015,100,
AUT,SHPRICE,TOT,IDX2015,A,2016,96.95738,
AUT,SHPRICE,TOT,IDX2015,A,2017,129.7757,
AUT,SHPRICE,TOT,IDX2015,A,2018,139.4346,
AUT,SHPRICE,TOT,IDX2015,A,2019,130.051,
AUT,SHPRICE,TOT,IDX2015,A,2020,106.1938,
BEL,SHPRICE,TOT,IDX2015,A,1986,19.3133,
BEL,SHPRICE,TOT,IDX2015,A,1987,23.23323,
BEL,SHPRICE,TOT,IDX2015,A,1988,24.37525,
BEL,SHPRICE,TOT,IDX2015,A,1989,29.89999,
BEL,SHPRICE,TOT,IDX2015,A,1990,27.39399,
BEL,SHPRICE,TOT,IDX2015,A,1991,25.71037,
BEL,SHPRICE,TOT,IDX2015,A,1992,24.96568,
BEL,SHPRICE,TOT,IDX2015,A,1993,27.55048,
BEL,SHPRICE,TOT,IDX2015,A,1994,30.73903,
BEL,SHPRICE,TOT,IDX2015,A,1995,30.06425,
BEL,SHPRICE,TOT,IDX2015,A,1996,36.25267,
BEL,SHPRICE,TOT,IDX2015,A,1997,48.46305,
BEL,SHPRICE,TOT,IDX2015,A,1998,67.2181,
BEL,SHPRICE,TOT,IDX2015,A,1999,69.4644,
BEL,SHPRICE,TOT,IDX2015,A,2000,62.68607,
BEL,SHPRICE,TOT,IDX2015,A,2001,58.91181,
BEL,SHPRICE,TOT,IDX2015,A,2002,52.47446,
BEL,SHPRICE,TOT,IDX2015,A,2003,44.54462,
BEL,SHPRICE,TOT,IDX2015,A,2004,58.37309,
BEL,SHPRICE,TOT,IDX2015,A,2005,75.49103,
BEL,SHPRICE,TOT,IDX2015,A,2006,93.67766,
BEL,SHPRICE,TOT,IDX2015,A,2007,106.4254,
BEL,SHPRICE,TOT,IDX2015,A,2008,77.69125,
BEL,SHPRICE,TOT,IDX2015,A,2009,54.00409,
BEL,SHPRICE,TOT,IDX2015,A,2010,64.60868,
BEL,SHPRICE,TOT,IDX2015,A,2011,62.28817,
BEL,SHPRICE,TOT,IDX2015,A,2012,64.17024,
BEL,SHPRICE,TOT,IDX2015,A,2013,74.39355,
BEL,SHPRICE,TOT,IDX2015,A,2014,87.83824,
BEL,SHPRICE,TOT,IDX2015,A,2015,100,
BEL,SHPRICE,TOT,IDX2015,A,2016,95.23237,
BEL,SHPRICE,TOT,IDX2015,A,2017,101.5136,
BEL,SHPRICE,TOT,IDX2015,A,2018,96.55154,
BEL,SHPRICE,TOT,IDX2015,A,2019,92.68472,
BEL,SHPRICE,TOT,IDX2015,A,2020,77.87579,
CAN,SHPRICE,TOT,IDX2015,A,1956,3.958184,
CAN,SHPRICE,TOT,IDX2015,A,1957,3.710336,
CAN,SHPRICE,TOT,IDX2015,A,1958,3.453119,
CAN,SHPRICE,TOT,IDX2015,A,1959,3.920263,
CAN,SHPRICE,TOT,IDX2015,A,1960,3.583137,
CAN,SHPRICE,TOT,IDX2015,A,1961,4.506481,
CAN,SHPRICE,TOT,IDX2015,A,1962,4.359952,
CAN,SHPRICE,TOT,IDX2015,A,1963,4.698967,
CAN,SHPRICE,TOT,IDX2015,A,1964,5.555734,
CAN,SHPRICE,TOT,IDX2015,A,1965,6.137262,
CAN,SHPRICE,TOT,IDX2015,A,1966,5.82691,
CAN,SHPRICE,TOT,IDX2015,A,1967,6.175189,
CAN,SHPRICE,TOT,IDX2015,A,1968,6.495816,
CAN,SHPRICE,TOT,IDX2015,A,1969,7.230724,
CAN,SHPRICE,TOT,IDX2015,A,1970,6.351961,
CAN,SHPRICE,TOT,IDX2015,A,1971,6.74528,
CAN,SHPRICE,TOT,IDX2015,A,1972,7.933442,
CAN,SHPRICE,TOT,IDX2015,A,1973,8.484361,
CAN,SHPRICE,TOT,IDX2015,A,1974,7.089914,
CAN,SHPRICE,TOT,IDX2015,A,1975,6.975263,
CAN,SHPRICE,TOT,IDX2015,A,1976,7.219618,
CAN,SHPRICE,TOT,IDX2015,A,1977,7.043305,
CAN,SHPRICE,TOT,IDX2015,A,1978,8.08344,
CAN,SHPRICE,TOT,IDX2015,A,1979,10.99958,
CAN,SHPRICE,TOT,IDX2015,A,1980,14.82392,
CAN,SHPRICE,TOT,IDX2015,A,1981,15.05269,
CAN,SHPRICE,TOT,IDX2015,A,1982,11.43866,
CAN,SHPRICE,TOT,IDX2015,A,1983,16.50555,
CAN,SHPRICE,TOT,IDX2015,A,1984,16.32392,
CAN,SHPRICE,TOT,IDX2015,A,1985,18.91706,
CAN,SHPRICE,TOT,IDX2015,A,1986,20.9957,
CAN,SHPRICE,TOT,IDX2015,A,1987,24.88152,
CAN,SHPRICE,TOT,IDX2015,A,1988,23.03305,
CAN,SHPRICE,TOT,IDX2015,A,1989,26.51178,
CAN,SHPRICE,TOT,IDX2015,A,1990,23.859,
CAN,SHPRICE,TOT,IDX2015,A,1991,24.19612,
CAN,SHPRICE,TOT,IDX2015,A,1992,23.73175,
CAN,SHPRICE,TOT,IDX2015,A,1993,27.2278,
CAN,SHPRICE,TOT,IDX2015,A,1994,29.87682,
CAN,SHPRICE,TOT,IDX2015,A,1995,30.92162,
CAN,SHPRICE,TOT,IDX2015,A,1996,36.73879,
CAN,SHPRICE,TOT,IDX2015,A,1997,45.03913,
CAN,SHPRICE,TOT,IDX2015,A,1998,47.1248,
CAN,SHPRICE,TOT,IDX2015,A,1999,49.22987,
CAN,SHPRICE,TOT,IDX2015,A,2000,67.57355,
CAN,SHPRICE,TOT,IDX2015,A,2001,54.24498,
CAN,SHPRICE,TOT,IDX2015,A,2002,49.21868,
CAN,SHPRICE,TOT,IDX2015,A,2003,49.66291,
CAN,SHPRICE,TOT,IDX2015,A,2004,59.96645,
CAN,SHPRICE,TOT,IDX2015,A,2005,70.4531,
CAN,SHPRICE,TOT,IDX2015,A,2006,83.46551,
CAN,SHPRICE,TOT,IDX2015,A,2007,95.00292,
CAN,SHPRICE,TOT,IDX2015,A,2008,87.08011,
CAN,SHPRICE,TOT,IDX2015,A,2009,70.862,
CAN,SHPRICE,TOT,IDX2015,A,2010,84.18279,
CAN,SHPRICE,TOT,IDX2015,A,2011,90.44307,
CAN,SHPRICE,TOT,IDX2015,A,2012,84.37954,
CAN,SHPRICE,TOT,IDX2015,A,2013,88.90343,
CAN,SHPRICE,TOT,IDX2015,A,2014,102.0798,
CAN,SHPRICE,TOT,IDX2015,A,2015,100,
CAN,SHPRICE,TOT,IDX2015,A,2016,97.9147,
CAN,SHPRICE,TOT,IDX2015,A,2017,108.4319,
CAN,SHPRICE,TOT,IDX2015,A,2018,109.7048,
CAN,SHPRICE,TOT,IDX2015,A,2019,113.8164,
CAN,SHPRICE,TOT,IDX2015,A,2020,111.7975,
CZE,SHPRICE,TOT,IDX2015,A,1994,79.86185,
CZE,SHPRICE,TOT,IDX2015,A,1995,43.92026,
CZE,SHPRICE,TOT,IDX2015,A,1996,52.20804,
CZE,SHPRICE,TOT,IDX2015,A,1997,53.23566,
CZE,SHPRICE,TOT,IDX2015,A,1998,44.12077,
CZE,SHPRICE,TOT,IDX2015,A,1999,45.60789,
CZE,SHPRICE,TOT,IDX2015,A,2000,55.14369,
CZE,SHPRICE,TOT,IDX2015,A,2001,41.21687,
CZE,SHPRICE,TOT,IDX2015,A,2002,43.87506,
CZE,SHPRICE,TOT,IDX2015,A,2003,55.92059,
CZE,SHPRICE,TOT,IDX2015,A,2004,82.90836,
CZE,SHPRICE,TOT,IDX2015,A,2005,125.7354,
CZE,SHPRICE,TOT,IDX2015,A,2006,148.3337,
CZE,SHPRICE,TOT,IDX2015,A,2007,178.016,
CZE,SHPRICE,TOT,IDX2015,A,2008,136.2378,
CZE,SHPRICE,TOT,IDX2015,A,2009,96.47226,
CZE,SHPRICE,TOT,IDX2015,A,2010,117.4294,
CZE,SHPRICE,TOT,IDX2015,A,2011,111.4305,
CZE,SHPRICE,TOT,IDX2015,A,2012,95.20637,
CZE,SHPRICE,TOT,IDX2015,A,2013,97.61517,
CZE,SHPRICE,TOT,IDX2015,A,2014,99.1952,
CZE,SHPRICE,TOT,IDX2015,A,2015,100,
CZE,SHPRICE,TOT,IDX2015,A,2016,88.50847,
CZE,SHPRICE,TOT,IDX2015,A,2017,101.1606,
CZE,SHPRICE,TOT,IDX2015,A,2018,109.1298,
CZE,SHPRICE,TOT,IDX2015,A,2019,105.9594,
CZE,SHPRICE,TOT,IDX2015,A,2020,93.47337,
DNK,SHPRICE,TOT,IDX2015,A,1983,5.898408,
DNK,SHPRICE,TOT,IDX2015,A,1984,6.734909,
DNK,SHPRICE,TOT,IDX2015,A,1985,7.513193,
DNK,SHPRICE,TOT,IDX2015,A,1986,7.822668,
DNK,SHPRICE,TOT,IDX2015,A,1987,7.381436,
DNK,SHPRICE,TOT,IDX2015,A,1988,8.135206,
DNK,SHPRICE,TOT,IDX2015,A,1989,11.901,
DNK,SHPRICE,TOT,IDX2015,A,1990,13.16341,
DNK,SHPRICE,TOT,IDX2015,A,1991,13.07148,
DNK,SHPRICE,TOT,IDX2015,A,1992,11.22383,
DNK,SHPRICE,TOT,IDX2015,A,1993,11.60378,
DNK,SHPRICE,TOT,IDX2015,A,1994,13.59545,
DNK,SHPRICE,TOT,IDX2015,A,1995,13.096,
DNK,SHPRICE,TOT,IDX2015,A,1996,15.34199,
DNK,SHPRICE,TOT,IDX2015,A,1997,21.83922,
DNK,SHPRICE,TOT,IDX2015,A,1998,25.41338,
DNK,SHPRICE,TOT,IDX2015,A,1999,24.58523,
DNK,SHPRICE,TOT,IDX2015,A,2000,33.22599,
DNK,SHPRICE,TOT,IDX2015,A,2001,31.5412,
DNK,SHPRICE,TOT,IDX2015,A,2002,26.00809,
DNK,SHPRICE,TOT,IDX2015,A,2003,25.6663,
DNK,SHPRICE,TOT,IDX2015,A,2004,32.83847,
DNK,SHPRICE,TOT,IDX2015,A,2005,42.66908,
DNK,SHPRICE,TOT,IDX2015,A,2006,50.85408,
DNK,SHPRICE,TOT,IDX2015,A,2007,63.02697,
DNK,SHPRICE,TOT,IDX2015,A,2008,48.73288,
DNK,SHPRICE,TOT,IDX2015,A,2009,35.72906,
DNK,SHPRICE,TOT,IDX2015,A,2010,47.59189,
DNK,SHPRICE,TOT,IDX2015,A,2011,48.05856,
DNK,SHPRICE,TOT,IDX2015,A,2012,51.58373,
DNK,SHPRICE,TOT,IDX2015,A,2013,61.936,
DNK,SHPRICE,TOT,IDX2015,A,2014,80.14458,
DNK,SHPRICE,TOT,IDX2015,A,2015,100,
DNK,SHPRICE,TOT,IDX2015,A,2016,99.22936,
DNK,SHPRICE,TOT,IDX2015,A,2017,108.7862,
DNK,SHPRICE,TOT,IDX2015,A,2018,111.2655,
DNK,SHPRICE,TOT,IDX2015,A,2019,115.5436,
DNK,SHPRICE,TOT,IDX2015,A,2020,137.9611,
FIN,SHPRICE,TOT,IDX2015,A,1957,0.6474745,
FIN,SHPRICE,TOT,IDX2015,A,1958,0.579163,
FIN,SHPRICE,TOT,IDX2015,A,1959,0.6563848,
FIN,SHPRICE,TOT,IDX2015,A,1960,0.8108282,
FIN,SHPRICE,TOT,IDX2015,A,1961,0.800433,
FIN,SHPRICE,TOT,IDX2015,A,1962,0.7870677,
FIN,SHPRICE,TOT,IDX2015,A,1963,0.8301337,
FIN,SHPRICE,TOT,IDX2015,A,1964,0.844984,
FIN,SHPRICE,TOT,IDX2015,A,1965,0.8048881,
FIN,SHPRICE,TOT,IDX2015,A,1966,0.7514269,
FIN,SHPRICE,TOT,IDX2015,A,1967,0.6771752,
FIN,SHPRICE,TOT,IDX2015,A,1968,0.8538942,
FIN,SHPRICE,TOT,IDX2015,A,1969,1.144961,
FIN,SHPRICE,TOT,IDX2015,A,1970,1.326135,
FIN,SHPRICE,TOT,IDX2015,A,1971,1.498399,
FIN,SHPRICE,TOT,IDX2015,A,1972,1.9944,
FIN,SHPRICE,TOT,IDX2015,A,1973,3.10075,
FIN,SHPRICE,TOT,IDX2015,A,1974,3.005708,
FIN,SHPRICE,TOT,IDX2015,A,1975,2.713156,
FIN,SHPRICE,TOT,IDX2015,A,1976,2.43694,
FIN,SHPRICE,TOT,IDX2015,A,1977,1.992915,
FIN,SHPRICE,TOT,IDX2015,A,1978,1.927573,
FIN,SHPRICE,TOT,IDX2015,A,1979,2.352293,
FIN,SHPRICE,TOT,IDX2015,A,1980,2.505251,
FIN,SHPRICE,TOT,IDX2015,A,1981,2.580988,
FIN,SHPRICE,TOT,IDX2015,A,1982,3.451218,
FIN,SHPRICE,TOT,IDX2015,A,1983,5.261473,
FIN,SHPRICE,TOT,IDX2015,A,1984,7.392496,
FIN,SHPRICE,TOT,IDX2015,A,1985,6.351488,
FIN,SHPRICE,TOT,IDX2015,A,1986,9.685388,
FIN,SHPRICE,TOT,IDX2015,A,1987,15.08583,
FIN,SHPRICE,TOT,IDX2015,A,1988,19.89322,
FIN,SHPRICE,TOT,IDX2015,A,1989,21.51303,
FIN,SHPRICE,TOT,IDX2015,A,1990,15.66209,
FIN,SHPRICE,TOT,IDX2015,A,1991,11.32885,
FIN,SHPRICE,TOT,IDX2015,A,1992,9.127872,
FIN,SHPRICE,TOT,IDX2015,A,1993,14.55571,
FIN,SHPRICE,TOT,IDX2015,A,1994,21.74962,
FIN,SHPRICE,TOT,IDX2015,A,1995,22.51535,
FIN,SHPRICE,TOT,IDX2015,A,1996,23.99969,
FIN,SHPRICE,TOT,IDX2015,A,1997,37.66106,
FIN,SHPRICE,TOT,IDX2015,A,1998,53.31824,
FIN,SHPRICE,TOT,IDX2015,A,1999,91.78724,
FIN,SHPRICE,TOT,IDX2015,A,2000,175.3153,
FIN,SHPRICE,TOT,IDX2015,A,2001,100.8815,
FIN,SHPRICE,TOT,IDX2015,A,2002,78.12688,
FIN,SHPRICE,TOT,IDX2015,A,2003,66.81326,
FIN,SHPRICE,TOT,IDX2015,A,2004,71.81663,
FIN,SHPRICE,TOT,IDX2015,A,2005,84.22171,
FIN,SHPRICE,TOT,IDX2015,A,2006,105.1909,
FIN,SHPRICE,TOT,IDX2015,A,2007,130.8536,
FIN,SHPRICE,TOT,IDX2015,A,2008,99.46111,
FIN,SHPRICE,TOT,IDX2015,A,2009,66.82309,
FIN,SHPRICE,TOT,IDX2015,A,2010,81.22115,
FIN,SHPRICE,TOT,IDX2015,A,2011,76.46624,
FIN,SHPRICE,TOT,IDX2015,A,2012,65.4852,
FIN,SHPRICE,TOT,IDX2015,A,2013,76.19944,
FIN,SHPRICE,TOT,IDX2015,A,2014,88.59914,
FIN,SHPRICE,TOT,IDX2015,A,2015,100,
FIN,SHPRICE,TOT,IDX2015,A,2016,96.49784,
FIN,SHPRICE,TOT,IDX2015,A,2017,111.2151,
FIN,SHPRICE,TOT,IDX2015,A,2018,115.0509,
FIN,SHPRICE,TOT,IDX2015,A,2019,111.2337,
FIN,SHPRICE,TOT,IDX2015,A,2020,113.0493,
FRA,SHPRICE,TOT,IDX2015,A,1955,2.854683,
FRA,SHPRICE,TOT,IDX2015,A,1956,3.022563,
FRA,SHPRICE,TOT,IDX2015,A,1957,4.078425,
FRA,SHPRICE,TOT,IDX2015,A,1958,3.393329,
FRA,SHPRICE,TOT,IDX2015,A,1959,4.294848,
FRA,SHPRICE,TOT,IDX2015,A,1960,5.196939,
FRA,SHPRICE,TOT,IDX2015,A,1961,6.068556,
FRA,SHPRICE,TOT,IDX2015,A,1962,6.413109,
FRA,SHPRICE,TOT,IDX2015,A,1963,5.550705,
FRA,SHPRICE,TOT,IDX2015,A,1964,4.864882,
FRA,SHPRICE,TOT,IDX2015,A,1965,4.528014,
FRA,SHPRICE,TOT,IDX2015,A,1966,4.232137,
FRA,SHPRICE,TOT,IDX2015,A,1967,3.859007,
FRA,SHPRICE,TOT,IDX2015,A,1968,4.101279,
FRA,SHPRICE,TOT,IDX2015,A,1969,5.163911,
FRA,SHPRICE,TOT,IDX2015,A,1970,5.3736,
FRA,SHPRICE,TOT,IDX2015,A,1971,5.144466,
FRA,SHPRICE,TOT,IDX2015,A,1972,5.768803,
FRA,SHPRICE,TOT,IDX2015,A,1973,6.362332,
FRA,SHPRICE,TOT,IDX2015,A,1974,4.785424,E
FRA,SHPRICE,TOT,IDX2015,A,1975,5.12921,
FRA,SHPRICE,TOT,IDX2015,A,1976,5.070673,
FRA,SHPRICE,TOT,IDX2015,A,1977,4.068822,
FRA,SHPRICE,TOT,IDX2015,A,1978,5.318737,
FRA,SHPRICE,TOT,IDX2015,A,1979,6.747144,E
FRA,SHPRICE,TOT,IDX2015,A,1980,7.808971,
FRA,SHPRICE,TOT,IDX2015,A,1981,6.880051,
FRA,SHPRICE,TOT,IDX2015,A,1982,6.703141,
FRA,SHPRICE,TOT,IDX2015,A,1983,9.048305,
FRA,SHPRICE,TOT,IDX2015,A,1984,12.22049,
FRA,SHPRICE,TOT,IDX2015,A,1985,14.45415,
FRA,SHPRICE,TOT,IDX2015,A,1986,22.22192,
FRA,SHPRICE,TOT,IDX2015,A,1987,25.27533,
FRA,SHPRICE,TOT,IDX2015,A,1988,23.37466,
FRA,SHPRICE,TOT,IDX2015,A,1989,33.68495,
FRA,SHPRICE,TOT,IDX2015,A,1990,32.22636,
FRA,SHPRICE,TOT,IDX2015,A,1991,30.40986,
FRA,SHPRICE,TOT,IDX2015,A,1992,31.4184,
FRA,SHPRICE,TOT,IDX2015,A,1993,34.94904,
FRA,SHPRICE,TOT,IDX2015,A,1994,37.05616,
FRA,SHPRICE,TOT,IDX2015,A,1995,33.27103,
FRA,SHPRICE,TOT,IDX2015,A,1996,37.88271,
FRA,SHPRICE,TOT,IDX2015,A,1997,48.91328,
FRA,SHPRICE,TOT,IDX2015,A,1998,63.95888,
FRA,SHPRICE,TOT,IDX2015,A,1999,78.06257,
FRA,SHPRICE,TOT,IDX2015,A,2000,107.0163,
FRA,SHPRICE,TOT,IDX2015,A,2001,86.56432,
FRA,SHPRICE,TOT,IDX2015,A,2002,67.74232,
FRA,SHPRICE,TOT,IDX2015,A,2003,56.64857,
FRA,SHPRICE,TOT,IDX2015,A,2004,67.68526,
FRA,SHPRICE,TOT,IDX2015,A,2005,79.68758,
FRA,SHPRICE,TOT,IDX2015,A,2006,96.82662,
FRA,SHPRICE,TOT,IDX2015,A,2007,109.5464,
FRA,SHPRICE,TOT,IDX2015,A,2008,82.29964,
FRA,SHPRICE,TOT,IDX2015,A,2009,63.66751,
FRA,SHPRICE,TOT,IDX2015,A,2010,72.88147,
FRA,SHPRICE,TOT,IDX2015,A,2011,71.46297,
FRA,SHPRICE,TOT,IDX2015,A,2012,67.53888,
FRA,SHPRICE,TOT,IDX2015,A,2013,80.15208,
FRA,SHPRICE,TOT,IDX2015,A,2014,89.15987,
FRA,SHPRICE,TOT,IDX2015,A,2015,100,
FRA,SHPRICE,TOT,IDX2015,A,2016,92.36328,
FRA,SHPRICE,TOT,IDX2015,A,2017,108.9429,
FRA,SHPRICE,TOT,IDX2015,A,2018,111.7813,
FRA,SHPRICE,TOT,IDX2015,A,2019,113.6876,
FRA,SHPRICE,TOT,IDX2015,A,2020,105.6329,
DEU,SHPRICE,TOT,IDX2015,A,1960,11.27276,
DEU,SHPRICE,TOT,IDX2015,A,1961,11.55102,
DEU,SHPRICE,TOT,IDX2015,A,1962,8.969515,
DEU,SHPRICE,TOT,IDX2015,A,1963,8.656476,
DEU,SHPRICE,TOT,IDX2015,A,1964,9.940866,
DEU,SHPRICE,TOT,IDX2015,A,1965,8.856685,
DEU,SHPRICE,TOT,IDX2015,A,1966,7.501884,
DEU,SHPRICE,TOT,IDX2015,A,1967,7.652888,
DEU,SHPRICE,TOT,IDX2015,A,1968,10.05454,
DEU,SHPRICE,TOT,IDX2015,A,1969,10.94785,
DEU,SHPRICE,TOT,IDX2015,A,1970,9.696667,
DEU,SHPRICE,TOT,IDX2015,A,1971,9.337763,
DEU,SHPRICE,TOT,IDX2015,A,1972,10.23888,
DEU,SHPRICE,TOT,IDX2015,A,1973,9.555772,
DEU,SHPRICE,TOT,IDX2015,A,1974,8.014446,
DEU,SHPRICE,TOT,IDX2015,A,1975,9.466769,
DEU,SHPRICE,TOT,IDX2015,A,1976,10.03485,
DEU,SHPRICE,TOT,IDX2015,A,1977,10.08465,
DEU,SHPRICE,TOT,IDX2015,A,1978,10.91315,
DEU,SHPRICE,TOT,IDX2015,A,1979,10.48323,
DEU,SHPRICE,TOT,IDX2015,A,1980,10.06087,
DEU,SHPRICE,TOT,IDX2015,A,1981,10.28209,
DEU,SHPRICE,TOT,IDX2015,A,1982,10.4413,
DEU,SHPRICE,TOT,IDX2015,A,1983,13.93652,
DEU,SHPRICE,TOT,IDX2015,A,1984,15.89892,
DEU,SHPRICE,TOT,IDX2015,A,1985,21.63255,
DEU,SHPRICE,TOT,IDX2015,A,1986,30.30953,
DEU,SHPRICE,TOT,IDX2015,A,1987,26.29412,
DEU,SHPRICE,TOT,IDX2015,A,1988,21.91466,
DEU,SHPRICE,TOT,IDX2015,A,1989,28.16093,
DEU,SHPRICE,TOT,IDX2015,A,1990,33.16791,
DEU,SHPRICE,TOT,IDX2015,A,1991,29.90227,
DEU,SHPRICE,TOT,IDX2015,A,1992,28.66041,B
DEU,SHPRICE,TOT,IDX2015,A,1993,30.31371,
DEU,SHPRICE,TOT,IDX2015,A,1994,34.82603,
DEU,SHPRICE,TOT,IDX2015,A,1995,33.98195,
DEU,SHPRICE,TOT,IDX2015,A,1996,38.38214,
DEU,SHPRICE,TOT,IDX2015,A,1997,52.58615,
DEU,SHPRICE,TOT,IDX2015,A,1998,67.21895,
DEU,SHPRICE,TOT,IDX2015,A,1999,69.63102,
DEU,SHPRICE,TOT,IDX2015,A,2000,88.42961,
DEU,SHPRICE,TOT,IDX2015,A,2001,66.73634,
DEU,SHPRICE,TOT,IDX2015,A,2002,51.15005,
DEU,SHPRICE,TOT,IDX2015,A,2003,39.66995,
DEU,SHPRICE,TOT,IDX2015,A,2004,48.79838,
DEU,SHPRICE,TOT,IDX2015,A,2005,56.45248,
DEU,SHPRICE,TOT,IDX2015,A,2006,70.41808,
DEU,SHPRICE,TOT,IDX2015,A,2007,87.4803,
DEU,SHPRICE,TOT,IDX2015,A,2008,69.57014,
DEU,SHPRICE,TOT,IDX2015,A,2009,52.36926,
DEU,SHPRICE,TOT,IDX2015,A,2010,63.39005,
DEU,SHPRICE,TOT,IDX2015,A,2011,66.46419,
DEU,SHPRICE,TOT,IDX2015,A,2012,66.70228,
DEU,SHPRICE,TOT,IDX2015,A,2013,79.0173,
DEU,SHPRICE,TOT,IDX2015,A,2014,88.42544,
DEU,SHPRICE,TOT,IDX2015,A,2015,100,
DEU,SHPRICE,TOT,IDX2015,A,2016,91.89334,
DEU,SHPRICE,TOT,IDX2015,A,2017,109.5325,
DEU,SHPRICE,TOT,IDX2015,A,2018,107.8782,
DEU,SHPRICE,TOT,IDX2015,A,2019,102.5257,
DEU,SHPRICE,TOT,IDX2015,A,2020,101.9467,
GRC,SHPRICE,TOT,IDX2015,A,1985,6.330151,
GRC,SHPRICE,TOT,IDX2015,A,1986,9.904447,
GRC,SHPRICE,TOT,IDX2015,A,1987,29.99936,
GRC,SHPRICE,TOT,IDX2015,A,1988,40.05812,
GRC,SHPRICE,TOT,IDX2015,A,1989,49.1986,
GRC,SHPRICE,TOT,IDX2015,A,1990,141.7086,
GRC,SHPRICE,TOT,IDX2015,A,1991,139.3884,
GRC,SHPRICE,TOT,IDX2015,A,1992,109.6154,
GRC,SHPRICE,TOT,IDX2015,A,1993,112.6313,
GRC,SHPRICE,TOT,IDX2015,A,1994,129.2496,
GRC,SHPRICE,TOT,IDX2015,A,1995,124.3972,
GRC,SHPRICE,TOT,IDX2015,A,1996,131.0766,
GRC,SHPRICE,TOT,IDX2015,A,1997,207.0255,
GRC,SHPRICE,TOT,IDX2015,A,1998,306.1575,
GRC,SHPRICE,TOT,IDX2015,A,1999,621.54,
GRC,SHPRICE,TOT,IDX2015,A,2000,586.0021,
GRC,SHPRICE,TOT,IDX2015,A,2001,381.6712,
GRC,SHPRICE,TOT,IDX2015,A,2002,291.1996,
GRC,SHPRICE,TOT,IDX2015,A,2003,257.9586,
GRC,SHPRICE,TOT,IDX2015,A,2004,329.2562,
GRC,SHPRICE,TOT,IDX2015,A,2005,425.8905,
GRC,SHPRICE,TOT,IDX2015,A,2006,539.4115,
GRC,SHPRICE,TOT,IDX2015,A,2007,657.8223,
GRC,SHPRICE,TOT,IDX2015,A,2008,459.718,
GRC,SHPRICE,TOT,IDX2015,A,2009,293.7915,
GRC,SHPRICE,TOT,IDX2015,A,2010,231.0143,
GRC,SHPRICE,TOT,IDX2015,A,2011,157.5795,
GRC,SHPRICE,TOT,IDX2015,A,2012,96.14282,
GRC,SHPRICE,TOT,IDX2015,A,2013,134.966,
GRC,SHPRICE,TOT,IDX2015,A,2014,155.1881,
GRC,SHPRICE,TOT,IDX2015,A,2015,100,
GRC,SHPRICE,TOT,IDX2015,A,2016,77.87751,
GRC,SHPRICE,TOT,IDX2015,A,2017,100.0956,
GRC,SHPRICE,TOT,IDX2015,A,2018,100.8969,
GRC,SHPRICE,TOT,IDX2015,A,2019,107.7595,
GRC,SHPRICE,TOT,IDX2015,A,2020,93.04646,
HUN,SHPRICE,TOT,IDX2015,A,1991,4.789168,
HUN,SHPRICE,TOT,IDX2015,A,1992,4.270339,
HUN,SHPRICE,TOT,IDX2015,A,1993,4.450284,
HUN,SHPRICE,TOT,IDX2015,A,1994,7.835164,
HUN,SHPRICE,TOT,IDX2015,A,1995,6.769362,
HUN,SHPRICE,TOT,IDX2015,A,1996,14.17408,
HUN,SHPRICE,TOT,IDX2015,A,1997,31.07192,
HUN,SHPRICE,TOT,IDX2015,A,1998,33.55391,
HUN,SHPRICE,TOT,IDX2015,A,1999,31.94708,
HUN,SHPRICE,TOT,IDX2015,A,2000,41.57885,
HUN,SHPRICE,TOT,IDX2015,A,2001,32.81122,
HUN,SHPRICE,TOT,IDX2015,A,2002,36.92323,
HUN,SHPRICE,TOT,IDX2015,A,2003,39.91549,
HUN,SHPRICE,TOT,IDX2015,A,2004,55.80927,
HUN,SHPRICE,TOT,IDX2015,A,2005,90.32118,
HUN,SHPRICE,TOT,IDX2015,A,2006,107.1495,
HUN,SHPRICE,TOT,IDX2015,A,2007,124.0741,
HUN,SHPRICE,TOT,IDX2015,A,2008,93.90987,
HUN,SHPRICE,TOT,IDX2015,A,2009,76.30347,
HUN,SHPRICE,TOT,IDX2015,A,2010,106.9216,
HUN,SHPRICE,TOT,IDX2015,A,2011,97.6552,
HUN,SHPRICE,TOT,IDX2015,A,2012,85.91592,
HUN,SHPRICE,TOT,IDX2015,A,2013,88.71939,
HUN,SHPRICE,TOT,IDX2015,A,2014,85.26563,
HUN,SHPRICE,TOT,IDX2015,A,2015,100,
HUN,SHPRICE,TOT,IDX2015,A,2016,128.9398,
HUN,SHPRICE,TOT,IDX2015,A,2017,169.6171,
HUN,SHPRICE,TOT,IDX2015,A,2018,179.0313,
HUN,SHPRICE,TOT,IDX2015,A,2019,197.1123,
HUN,SHPRICE,TOT,IDX2015,A,2020,176.7274,
ISL,SHPRICE,TOT,IDX2015,A,1993,30.02473,
ISL,SHPRICE,TOT,IDX2015,A,1994,31.83136,
ISL,SHPRICE,TOT,IDX2015,A,1995,41.20821,
ISL,SHPRICE,TOT,IDX2015,A,1996,67.18021,
ISL,SHPRICE,TOT,IDX2015,A,1997,93.85278,
ISL,SHPRICE,TOT,IDX2015,A,1998,88.51592,
ISL,SHPRICE,TOT,IDX2015,A,1999,107.2021,
ISL,SHPRICE,TOT,IDX2015,A,2000,135.1236,
ISL,SHPRICE,TOT,IDX2015,A,2001,98.80293,
ISL,SHPRICE,TOT,IDX2015,A,2002,117.1337,
ISL,SHPRICE,TOT,IDX2015,A,2003,144.0531,
ISL,SHPRICE,TOT,IDX2015,A,2004,249.7877,
ISL,SHPRICE,TOT,IDX2015,A,2005,351.2577,
ISL,SHPRICE,TOT,IDX2015,A,2006,482.9109,
ISL,SHPRICE,TOT,IDX2015,A,2007,616.5262,
ISL,SHPRICE,TOT,IDX2015,A,2008,309.0745,
ISL,SHPRICE,TOT,IDX2015,A,2009,40.88811,
ISL,SHPRICE,TOT,IDX2015,A,2010,49.44404,
ISL,SHPRICE,TOT,IDX2015,A,2011,52.94775,
ISL,SHPRICE,TOT,IDX2015,A,2012,57.05463,
ISL,SHPRICE,TOT,IDX2015,A,2013,68.03783,
ISL,SHPRICE,TOT,IDX2015,A,2014,76.15238,
ISL,SHPRICE,TOT,IDX2015,A,2015,100,
ISL,SHPRICE,TOT,IDX2015,A,2016,111.2266,
ISL,SHPRICE,TOT,IDX2015,A,2017,115.8705,
ISL,SHPRICE,TOT,IDX2015,A,2018,114.7347,
ISL,SHPRICE,TOT,IDX2015,A,2019,123.1478,
ISL,SHPRICE,TOT,IDX2015,A,2020,132.5601,
IRL,SHPRICE,TOT,IDX2015,A,1955,0.7721893,
IRL,SHPRICE,TOT,IDX2015,A,1956,0.6982011,
IRL,SHPRICE,TOT,IDX2015,A,1957,0.6345355,
IRL,SHPRICE,TOT,IDX2015,A,1958,0.6325825,
IRL,SHPRICE,TOT,IDX2015,A,1959,0.8402629,
IRL,SHPRICE,TOT,IDX2015,A,1960,1.057206,
IRL,SHPRICE,TOT,IDX2015,A,1961,1.252164,
IRL,SHPRICE,TOT,IDX2015,A,1962,1.434066,
IRL,SHPRICE,TOT,IDX2015,A,1963,1.749325,
IRL,SHPRICE,TOT,IDX2015,A,1964,2.179472,
IRL,SHPRICE,TOT,IDX2015,A,1965,2.116867,
IRL,SHPRICE,TOT,IDX2015,A,1966,1.975642,B
IRL,SHPRICE,TOT,IDX2015,A,1967,1.971903,
IRL,SHPRICE,TOT,IDX2015,A,1968,2.812389,
IRL,SHPRICE,TOT,IDX2015,A,1969,2.97292,
IRL,SHPRICE,TOT,IDX2015,A,1970,2.615422,
IRL,SHPRICE,TOT,IDX2015,A,1971,2.536077,
IRL,SHPRICE,TOT,IDX2015,A,1972,3.732053,
IRL,SHPRICE,TOT,IDX2015,A,1973,4.408604,
IRL,SHPRICE,TOT,IDX2015,A,1974,2.961593,
IRL,SHPRICE,TOT,IDX2015,A,1975,2.881412,
IRL,SHPRICE,TOT,IDX2015,A,1976,3.054441,
IRL,SHPRICE,TOT,IDX2015,A,1977,3.835782,
IRL,SHPRICE,TOT,IDX2015,A,1978,5.806959,
IRL,SHPRICE,TOT,IDX2015,A,1979,6.213727,
IRL,SHPRICE,TOT,IDX2015,A,1980,6.109776,
IRL,SHPRICE,TOT,IDX2015,A,1981,6.337878,
IRL,SHPRICE,TOT,IDX2015,A,1982,5.188271,
IRL,SHPRICE,TOT,IDX2015,A,1983,6.931392,
IRL,SHPRICE,TOT,IDX2015,A,1984,8.862766,
IRL,SHPRICE,TOT,IDX2015,A,1985,9.513672,
IRL,SHPRICE,TOT,IDX2015,A,1986,14.74978,
IRL,SHPRICE,TOT,IDX2015,A,1987,21.38294,
IRL,SHPRICE,TOT,IDX2015,A,1988,21.18876,
IRL,SHPRICE,TOT,IDX2015,A,1989,26.63401,
IRL,SHPRICE,TOT,IDX2015,A,1990,24.89549,
IRL,SHPRICE,TOT,IDX2015,A,1991,22.33466,
IRL,SHPRICE,TOT,IDX2015,A,1992,21.01546,
IRL,SHPRICE,TOT,IDX2015,A,1993,25.62141,
IRL,SHPRICE,TOT,IDX2015,A,1994,29.925,
IRL,SHPRICE,TOT,IDX2015,A,1995,32.41767,
IRL,SHPRICE,TOT,IDX2015,A,1996,40.41537,
IRL,SHPRICE,TOT,IDX2015,A,1997,54.64382,
IRL,SHPRICE,TOT,IDX2015,A,1998,77.06102,
IRL,SHPRICE,TOT,IDX2015,A,1999,80.74009,
IRL,SHPRICE,TOT,IDX2015,A,2000,86.11125,
IRL,SHPRICE,TOT,IDX2015,A,2001,92.22472,
IRL,SHPRICE,TOT,IDX2015,A,2002,75.32131,
IRL,SHPRICE,TOT,IDX2015,A,2003,69.98558,
IRL,SHPRICE,TOT,IDX2015,A,2004,87.84012,
IRL,SHPRICE,TOT,IDX2015,A,2005,105.2897,
IRL,SHPRICE,TOT,IDX2015,A,2006,128.4789,
IRL,SHPRICE,TOT,IDX2015,A,2007,140.5289,
IRL,SHPRICE,TOT,IDX2015,A,2008,79.06029,
IRL,SHPRICE,TOT,IDX2015,A,2009,43.73375,
IRL,SHPRICE,TOT,IDX2015,A,2010,47.18761,
IRL,SHPRICE,TOT,IDX2015,A,2011,44.88826,
IRL,SHPRICE,TOT,IDX2015,A,2012,51.32244,
IRL,SHPRICE,TOT,IDX2015,A,2013,65.15241,
IRL,SHPRICE,TOT,IDX2015,A,2014,78.17603,
IRL,SHPRICE,TOT,IDX2015,A,2015,100,
IRL,SHPRICE,TOT,IDX2015,A,2016,98.9926,
IRL,SHPRICE,TOT,IDX2015,A,2017,109.2447,
IRL,SHPRICE,TOT,IDX2015,A,2018,106.5289,
IRL,SHPRICE,TOT,IDX2015,A,2019,100.9723,
IRL,SHPRICE,TOT,IDX2015,A,2020,102.4267,
ITA,SHPRICE,TOT,IDX2015,A,1957,4.92285,
ITA,SHPRICE,TOT,IDX2015,A,1958,4.945891,
ITA,SHPRICE,TOT,IDX2015,A,1959,7.584875,
ITA,SHPRICE,TOT,IDX2015,A,1960,11.36647,
ITA,SHPRICE,TOT,IDX2015,A,1961,12.98212,
ITA,SHPRICE,TOT,IDX2015,A,1962,11.01135,
ITA,SHPRICE,TOT,IDX2015,A,1963,9.521756,
ITA,SHPRICE,TOT,IDX2015,A,1964,7.30295,
ITA,SHPRICE,TOT,IDX2015,A,1965,7.233824,
ITA,SHPRICE,TOT,IDX2015,A,1966,8.564837,
ITA,SHPRICE,TOT,IDX2015,A,1967,7.878999,
ITA,SHPRICE,TOT,IDX2015,A,1968,7.762434,
ITA,SHPRICE,TOT,IDX2015,A,1969,8.663781,
ITA,SHPRICE,TOT,IDX2015,A,1970,8.440139,
ITA,SHPRICE,TOT,IDX2015,A,1971,6.596781,
ITA,SHPRICE,TOT,IDX2015,A,1972,6.251152,
ITA,SHPRICE,TOT,IDX2015,A,1973,8.074178,
ITA,SHPRICE,TOT,IDX2015,A,1974,7.392407,
ITA,SHPRICE,TOT,IDX2015,A,1975,5.485302,
ITA,SHPRICE,TOT,IDX2015,A,1976,4.79002,
ITA,SHPRICE,TOT,IDX2015,A,1977,3.966525,
ITA,SHPRICE,TOT,IDX2015,A,1978,4.210503,
ITA,SHPRICE,TOT,IDX2015,A,1979,5.37999,
ITA,SHPRICE,TOT,IDX2015,A,1980,8.646474,
ITA,SHPRICE,TOT,IDX2015,A,1981,16.98875,
ITA,SHPRICE,TOT,IDX2015,A,1982,14.17134,
ITA,SHPRICE,TOT,IDX2015,A,1983,15.34256,
ITA,SHPRICE,TOT,IDX2015,A,1984,16.88313,
ITA,SHPRICE,TOT,IDX2015,A,1985,26.51522,
ITA,SHPRICE,TOT,IDX2015,A,1986,55.98774,
ITA,SHPRICE,TOT,IDX2015,A,1987,53.24129,
ITA,SHPRICE,TOT,IDX2015,A,1988,42.92322,
ITA,SHPRICE,TOT,IDX2015,A,1989,53.06501,
ITA,SHPRICE,TOT,IDX2015,A,1990,53.42868,
ITA,SHPRICE,TOT,IDX2015,A,1991,45.25779,
ITA,SHPRICE,TOT,IDX2015,A,1992,37.64865,
ITA,SHPRICE,TOT,IDX2015,A,1993,44.60413,
ITA,SHPRICE,TOT,IDX2015,A,1994,55.61683,
ITA,SHPRICE,TOT,IDX2015,A,1995,50.964,
ITA,SHPRICE,TOT,IDX2015,A,1996,51.27784,
ITA,SHPRICE,TOT,IDX2015,A,1997,70.19659,
ITA,SHPRICE,TOT,IDX2015,A,1998,112.3887,
ITA,SHPRICE,TOT,IDX2015,A,1999,125.1289,
ITA,SHPRICE,TOT,IDX2015,A,2000,162.5034,
ITA,SHPRICE,TOT,IDX2015,A,2001,131.8802,
ITA,SHPRICE,TOT,IDX2015,A,2002,104.597,
ITA,SHPRICE,TOT,IDX2015,A,2003,94.35223,
ITA,SHPRICE,TOT,IDX2015,A,2004,108.6336,
ITA,SHPRICE,TOT,IDX2015,A,2005,129.2588,
ITA,SHPRICE,TOT,IDX2015,A,2006,149.583,
ITA,SHPRICE,TOT,IDX2015,A,2007,164.1244,
ITA,SHPRICE,TOT,IDX2015,A,2008,113.8767,
ITA,SHPRICE,TOT,IDX2015,A,2009,81.48241,
ITA,SHPRICE,TOT,IDX2015,A,2010,86.48707,
ITA,SHPRICE,TOT,IDX2015,A,2011,78.99458,
ITA,SHPRICE,TOT,IDX2015,A,2012,66.67883,
ITA,SHPRICE,TOT,IDX2015,A,2013,76.47511,
ITA,SHPRICE,TOT,IDX2015,A,2014,90.6261,
ITA,SHPRICE,TOT,IDX2015,A,2015,100,
ITA,SHPRICE,TOT,IDX2015,A,2016,83.27406,
ITA,SHPRICE,TOT,IDX2015,A,2017,101.2834,
ITA,SHPRICE,TOT,IDX2015,A,2018,103.8973,
ITA,SHPRICE,TOT,IDX2015,A,2019,103.9909,
ITA,SHPRICE,TOT,IDX2015,A,2020,97.44501,
JPN,SHPRICE,TOT,IDX2015,A,1959,4.07691,
JPN,SHPRICE,TOT,IDX2015,A,1960,5.541278,
JPN,SHPRICE,TOT,IDX2015,A,1961,7.68667,
JPN,SHPRICE,TOT,IDX2015,A,1962,7.044144,
JPN,SHPRICE,TOT,IDX2015,A,1963,7.149322,
JPN,SHPRICE,TOT,IDX2015,A,1964,6.267841,
JPN,SHPRICE,TOT,IDX2015,A,1965,5.949712,
JPN,SHPRICE,TOT,IDX2015,A,1966,7.341395,
JPN,SHPRICE,TOT,IDX2015,A,1967,7.007515,
JPN,SHPRICE,TOT,IDX2015,A,1968,7.666101,
JPN,SHPRICE,TOT,IDX2015,A,1969,9.737162,
JPN,SHPRICE,TOT,IDX2015,A,1970,10.53843,
JPN,SHPRICE,TOT,IDX2015,A,1971,11.57847,
JPN,SHPRICE,TOT,IDX2015,A,1972,18.20512,
JPN,SHPRICE,TOT,IDX2015,A,1973,23.36472,
JPN,SHPRICE,TOT,IDX2015,A,1974,19.80029,
JPN,SHPRICE,TOT,IDX2015,A,1975,20.09058,
JPN,SHPRICE,TOT,IDX2015,A,1976,22.39381,
JPN,SHPRICE,TOT,IDX2015,A,1977,24.34008,
JPN,SHPRICE,TOT,IDX2015,A,1978,26.76133,
JPN,SHPRICE,TOT,IDX2015,A,1979,28.99296,
JPN,SHPRICE,TOT,IDX2015,A,1980,30.56218,
JPN,SHPRICE,TOT,IDX2015,A,1981,35.54843,
JPN,SHPRICE,TOT,IDX2015,A,1982,35.39146,
JPN,SHPRICE,TOT,IDX2015,A,1983,41.71719,
JPN,SHPRICE,TOT,IDX2015,A,1984,52.59269,
JPN,SHPRICE,TOT,IDX2015,A,1985,64.24126,
JPN,SHPRICE,TOT,IDX2015,A,1986,85.34368,
JPN,SHPRICE,TOT,IDX2015,A,1987,126.1957,
JPN,SHPRICE,TOT,IDX2015,A,1988,137.4276,
JPN,SHPRICE,TOT,IDX2015,A,1989,165.5835,
JPN,SHPRICE,TOT,IDX2015,A,1990,140.5708,
JPN,SHPRICE,TOT,IDX2015,A,1991,118.755,
JPN,SHPRICE,TOT,IDX2015,A,1992,87.93871,
JPN,SHPRICE,TOT,IDX2015,A,1993,98.22633,
JPN,SHPRICE,TOT,IDX2015,A,1994,103.0823,
JPN,SHPRICE,TOT,IDX2015,A,1995,88.99691,
JPN,SHPRICE,TOT,IDX2015,A,1996,103.4985,
JPN,SHPRICE,TOT,IDX2015,A,1997,89.91705,
JPN,SHPRICE,TOT,IDX2015,A,1998,75.96353,
JPN,SHPRICE,TOT,IDX2015,A,1999,89.31191,
JPN,SHPRICE,TOT,IDX2015,A,2000,99.7812,
JPN,SHPRICE,TOT,IDX2015,A,2001,77.03285,
JPN,SHPRICE,TOT,IDX2015,A,2002,63.11941,
JPN,SHPRICE,TOT,IDX2015,A,2003,59.1783,
JPN,SHPRICE,TOT,IDX2015,A,2004,72.16193,
JPN,SHPRICE,TOT,IDX2015,A,2005,81.8038,
JPN,SHPRICE,TOT,IDX2015,A,2006,104.9191,
JPN,SHPRICE,TOT,IDX2015,A,2007,107.1417,
JPN,SHPRICE,TOT,IDX2015,A,2008,76.60837,
JPN,SHPRICE,TOT,IDX2015,A,2009,55.98055,
JPN,SHPRICE,TOT,IDX2015,A,2010,57.14973,
JPN,SHPRICE,TOT,IDX2015,A,2011,52.99961,
JPN,SHPRICE,TOT,IDX2015,A,2012,49.61454,
JPN,SHPRICE,TOT,IDX2015,A,2013,72.37885,
JPN,SHPRICE,TOT,IDX2015,A,2014,81.49449,
JPN,SHPRICE,TOT,IDX2015,A,2015,100,
JPN,SHPRICE,TOT,IDX2015,A,2016,87.44472,
JPN,SHPRICE,TOT,IDX2015,A,2017,104.6281,
JPN,SHPRICE,TOT,IDX2015,A,2018,111.4699,
JPN,SHPRICE,TOT,IDX2015,A,2019,102.8154,
JPN,SHPRICE,TOT,IDX2015,A,2020,102.9397,
KOR,SHPRICE,TOT,IDX2015,A,1981,6.280263,
KOR,SHPRICE,TOT,IDX2015,A,1982,6.067703,
KOR,SHPRICE,TOT,IDX2015,A,1983,6.051543,
KOR,SHPRICE,TOT,IDX2015,A,1984,6.556218,
KOR,SHPRICE,TOT,IDX2015,A,1985,6.907999,
KOR,SHPRICE,TOT,IDX2015,A,1986,11.32536,
KOR,SHPRICE,TOT,IDX2015,A,1987,20.76129,
KOR,SHPRICE,TOT,IDX2015,A,1988,34.46458,
KOR,SHPRICE,TOT,IDX2015,A,1989,45.67434,
KOR,SHPRICE,TOT,IDX2015,A,1990,37.14251,
KOR,SHPRICE,TOT,IDX2015,A,1991,32.67377,
KOR,SHPRICE,TOT,IDX2015,A,1992,29.19409,
KOR,SHPRICE,TOT,IDX2015,A,1993,36.20526,
KOR,SHPRICE,TOT,IDX2015,A,1994,48.01664,
KOR,SHPRICE,TOT,IDX2015,A,1995,46.47614,
KOR,SHPRICE,TOT,IDX2015,A,1996,41.38501,
KOR,SHPRICE,TOT,IDX2015,A,1997,32.46329,
KOR,SHPRICE,TOT,IDX2015,A,1998,20.31404,
KOR,SHPRICE,TOT,IDX2015,A,1999,39.85727,
KOR,SHPRICE,TOT,IDX2015,A,2000,36.46327,
KOR,SHPRICE,TOT,IDX2015,A,2001,28.4725,
KOR,SHPRICE,TOT,IDX2015,A,2002,37.63086,
KOR,SHPRICE,TOT,IDX2015,A,2003,33.80238,
KOR,SHPRICE,TOT,IDX2015,A,2004,41.4637,
KOR,SHPRICE,TOT,IDX2015,A,2005,53.2842,
KOR,SHPRICE,TOT,IDX2015,A,2006,67.28732,
KOR,SHPRICE,TOT,IDX2015,A,2007,85.26386,
KOR,SHPRICE,TOT,IDX2015,A,2008,76.32705,
KOR,SHPRICE,TOT,IDX2015,A,2009,70.88448,
KOR,SHPRICE,TOT,IDX2015,A,2010,87.60323,
KOR,SHPRICE,TOT,IDX2015,A,2011,98.66551,
KOR,SHPRICE,TOT,IDX2015,A,2012,96.0862,
KOR,SHPRICE,TOT,IDX2015,A,2013,97.54976,
KOR,SHPRICE,TOT,IDX2015,A,2014,98.57083,
KOR,SHPRICE,TOT,IDX2015,A,2015,100,
KOR,SHPRICE,TOT,IDX2015,A,2016,98.74598,
KOR,SHPRICE,TOT,IDX2015,A,2017,114.8489,
KOR,SHPRICE,TOT,IDX2015,A,2018,115.7041,
KOR,SHPRICE,TOT,IDX2015,A,2019,104.817,
KOR,SHPRICE,TOT,IDX2015,A,2020,110.4356,
LUX,SHPRICE,TOT,IDX2015,A,1999,128.4925,
LUX,SHPRICE,TOT,IDX2015,A,2000,177.1646,
LUX,SHPRICE,TOT,IDX2015,A,2001,117.5526,
LUX,SHPRICE,TOT,IDX2015,A,2002,81.40314,
LUX,SHPRICE,TOT,IDX2015,A,2003,71.44579,
LUX,SHPRICE,TOT,IDX2015,A,2004,90.41541,
LUX,SHPRICE,TOT,IDX2015,A,2005,112.4518,
LUX,SHPRICE,TOT,IDX2015,A,2006,165.9786,
LUX,SHPRICE,TOT,IDX2015,A,2007,217.8807,
LUX,SHPRICE,TOT,IDX2015,A,2008,187.4583,
LUX,SHPRICE,TOT,IDX2015,A,2009,108.3847,
LUX,SHPRICE,TOT,IDX2015,A,2010,135.126,
LUX,SHPRICE,TOT,IDX2015,A,2011,118.119,
LUX,SHPRICE,TOT,IDX2015,A,2012,97.96233,
LUX,SHPRICE,TOT,IDX2015,A,2013,94.96866,
LUX,SHPRICE,TOT,IDX2015,A,2014,105.0886,
LUX,SHPRICE,TOT,IDX2015,A,2015,100,
LUX,SHPRICE,TOT,IDX2015,A,2016,87.41311,
LUX,SHPRICE,TOT,IDX2015,A,2017,100.5694,
LUX,SHPRICE,TOT,IDX2015,A,2018,99.56598,
LUX,SHPRICE,TOT,IDX2015,A,2019,77.67138,
LUX,SHPRICE,TOT,IDX2015,A,2020,59.94852,
MEX,SHPRICE,TOT,IDX2015,A,1970,0.0003341315,
MEX,SHPRICE,TOT,IDX2015,A,1971,0.0003284361,
MEX,SHPRICE,TOT,IDX2015,A,1972,0.0003758979,
MEX,SHPRICE,TOT,IDX2015,A,1973,0.0004499384,
MEX,SHPRICE,TOT,IDX2015,A,1974,0.0004708216,
MEX,SHPRICE,TOT,IDX2015,A,1975,0.0004670247,
MEX,SHPRICE,TOT,IDX2015,A,1976,0.0006075118,
MEX,SHPRICE,TOT,IDX2015,A,1977,0.0007024355,
MEX,SHPRICE,TOT,IDX2015,A,1978,0.001570038,
MEX,SHPRICE,TOT,IDX2015,A,1979,0.003062239,
MEX,SHPRICE,TOT,IDX2015,A,1980,0.002870493,
MEX,SHPRICE,TOT,IDX2015,A,1981,0.002595214,
MEX,SHPRICE,TOT,IDX2015,A,1982,0.001477013,
MEX,SHPRICE,TOT,IDX2015,A,1983,0.003343213,
MEX,SHPRICE,TOT,IDX2015,A,1984,0.008334302,
MEX,SHPRICE,TOT,IDX2015,A,1985,0.0148043,
MEX,SHPRICE,TOT,IDX2015,A,1986,0.0530054,
MEX,SHPRICE,TOT,IDX2015,A,1987,0.368902,
MEX,SHPRICE,TOT,IDX2015,A,1988,0.4299684,
MEX,SHPRICE,TOT,IDX2015,A,1989,0.7497683,
MEX,SHPRICE,TOT,IDX2015,A,1990,1.297396,
MEX,SHPRICE,TOT,IDX2015,A,1991,2.407866,
MEX,SHPRICE,TOT,IDX2015,A,1992,3.759478,
MEX,SHPRICE,TOT,IDX2015,A,1993,4.170413,
MEX,SHPRICE,TOT,IDX2015,A,1994,5.697978,
MEX,SHPRICE,TOT,IDX2015,A,1995,5.016715,
MEX,SHPRICE,TOT,IDX2015,A,1996,7.227631,
MEX,SHPRICE,TOT,IDX2015,A,1997,10.03862,
MEX,SHPRICE,TOT,IDX2015,A,1998,9.760063,
MEX,SHPRICE,TOT,IDX2015,A,1999,11.9402,
MEX,SHPRICE,TOT,IDX2015,A,2000,15.16595,
MEX,SHPRICE,TOT,IDX2015,A,2001,13.90508,
MEX,SHPRICE,TOT,IDX2015,A,2002,14.86483,
MEX,SHPRICE,TOT,IDX2015,A,2003,16.13303,
MEX,SHPRICE,TOT,IDX2015,A,2004,23.95524,
MEX,SHPRICE,TOT,IDX2015,A,2005,32.5174,
MEX,SHPRICE,TOT,IDX2015,A,2006,47.28329,
MEX,SHPRICE,TOT,IDX2015,A,2007,67.61674,
MEX,SHPRICE,TOT,IDX2015,A,2008,60.97446,
MEX,SHPRICE,TOT,IDX2015,A,2009,57.62597,
MEX,SHPRICE,TOT,IDX2015,A,2010,75.8243,
MEX,SHPRICE,TOT,IDX2015,A,2011,81.87281,
MEX,SHPRICE,TOT,IDX2015,A,2012,90.55163,
MEX,SHPRICE,TOT,IDX2015,A,2013,95.61466,
MEX,SHPRICE,TOT,IDX2015,A,2014,96.99588,
MEX,SHPRICE,TOT,IDX2015,A,2015,100,
MEX,SHPRICE,TOT,IDX2015,A,2016,103.8302,
MEX,SHPRICE,TOT,IDX2015,A,2017,111.6367,
MEX,SHPRICE,TOT,IDX2015,A,2018,107.3901,
MEX,SHPRICE,TOT,IDX2015,A,2019,97.96741,
MEX,SHPRICE,TOT,IDX2015,A,2020,89.09683,
NLD,SHPRICE,TOT,IDX2015,A,1957,4.596242,
NLD,SHPRICE,TOT,IDX2015,A,1958,4.554835,
NLD,SHPRICE,TOT,IDX2015,A,1959,6.59276,
NLD,SHPRICE,TOT,IDX2015,A,1960,8.629565,
NLD,SHPRICE,TOT,IDX2015,A,1961,9.470027,
NLD,SHPRICE,TOT,IDX2015,A,1962,8.1752,
NLD,SHPRICE,TOT,IDX2015,A,1963,8.547869,
NLD,SHPRICE,TOT,IDX2015,A,1964,9.126456,
NLD,SHPRICE,TOT,IDX2015,A,1965,8.430361,
NLD,SHPRICE,TOT,IDX2015,A,1966,6.814346,
NLD,SHPRICE,TOT,IDX2015,A,1967,7.160155,
NLD,SHPRICE,TOT,IDX2015,A,1968,9.314469,
NLD,SHPRICE,TOT,IDX2015,A,1969,10.28139,
NLD,SHPRICE,TOT,IDX2015,A,1970,9.443169,
NLD,SHPRICE,TOT,IDX2015,A,1971,8.85339,
NLD,SHPRICE,TOT,IDX2015,A,1972,10.36645,
NLD,SHPRICE,TOT,IDX2015,A,1973,10.89243,
NLD,SHPRICE,TOT,IDX2015,A,1974,8.38,
NLD,SHPRICE,TOT,IDX2015,A,1975,8.508699,
NLD,SHPRICE,TOT,IDX2015,A,1976,8.902632,
NLD,SHPRICE,TOT,IDX2015,A,1977,8.526606,
NLD,SHPRICE,TOT,IDX2015,A,1978,8.562418,
NLD,SHPRICE,TOT,IDX2015,A,1979,8.459458,
NLD,SHPRICE,TOT,IDX2015,A,1980,7.924517,
NLD,SHPRICE,TOT,IDX2015,A,1981,8.371048,
NLD,SHPRICE,TOT,IDX2015,A,1982,8.507581,
NLD,SHPRICE,TOT,IDX2015,A,1983,12.08352,
NLD,SHPRICE,TOT,IDX2015,A,1984,15.52644,
NLD,SHPRICE,TOT,IDX2015,A,1985,19.62711,
NLD,SHPRICE,TOT,IDX2015,A,1986,22.53028,
NLD,SHPRICE,TOT,IDX2015,A,1987,23.44622,
NLD,SHPRICE,TOT,IDX2015,A,1988,21.23934,
NLD,SHPRICE,TOT,IDX2015,A,1989,26.86694,
NLD,SHPRICE,TOT,IDX2015,A,1990,26.18817,
NLD,SHPRICE,TOT,IDX2015,A,1991,26.93003,
NLD,SHPRICE,TOT,IDX2015,A,1992,28.22098,
NLD,SHPRICE,TOT,IDX2015,A,1993,32.73054,
NLD,SHPRICE,TOT,IDX2015,A,1994,38.76354,
NLD,SHPRICE,TOT,IDX2015,A,1995,40.56503,
NLD,SHPRICE,TOT,IDX2015,A,1996,52.41022,
NLD,SHPRICE,TOT,IDX2015,A,1997,78.50376,
NLD,SHPRICE,TOT,IDX2015,A,1998,98.39957,
NLD,SHPRICE,TOT,IDX2015,A,1999,108.7903,
NLD,SHPRICE,TOT,IDX2015,A,2000,131.6402,
NLD,SHPRICE,TOT,IDX2015,A,2001,107.5681,
NLD,SHPRICE,TOT,IDX2015,A,2002,82.81168,
NLD,SHPRICE,TOT,IDX2015,A,2003,61.54979,
NLD,SHPRICE,TOT,IDX2015,A,2004,69.2782,
NLD,SHPRICE,TOT,IDX2015,A,2005,80.23375,
NLD,SHPRICE,TOT,IDX2015,A,2006,97.04997,
NLD,SHPRICE,TOT,IDX2015,A,2007,112.2636,
NLD,SHPRICE,TOT,IDX2015,A,2008,85.03772,
NLD,SHPRICE,TOT,IDX2015,A,2009,59.72424,
NLD,SHPRICE,TOT,IDX2015,A,2010,73.15678,
NLD,SHPRICE,TOT,IDX2015,A,2011,72.2315,
NLD,SHPRICE,TOT,IDX2015,A,2012,70.69311,
NLD,SHPRICE,TOT,IDX2015,A,2013,78.16099,
NLD,SHPRICE,TOT,IDX2015,A,2014,87.28794,
NLD,SHPRICE,TOT,IDX2015,A,2015,100,
NLD,SHPRICE,TOT,IDX2015,A,2016,94.80723,
NLD,SHPRICE,TOT,IDX2015,A,2017,110.5136,
NLD,SHPRICE,TOT,IDX2015,A,2018,112.6535,
NLD,SHPRICE,TOT,IDX2015,A,2019,115.1279,
NLD,SHPRICE,TOT,IDX2015,A,2020,112.6761,
NZL,SHPRICE,TOT,IDX2015,A,1967,9.009783,
NZL,SHPRICE,TOT,IDX2015,A,1968,10.72479,
NZL,SHPRICE,TOT,IDX2015,A,1969,13.33553,
NZL,SHPRICE,TOT,IDX2015,A,1970,13.96691,
NZL,SHPRICE,TOT,IDX2015,A,1971,12.29414,
NZL,SHPRICE,TOT,IDX2015,A,1972,12.91897,
NZL,SHPRICE,TOT,IDX2015,A,1973,15.37751,
NZL,SHPRICE,TOT,IDX2015,A,1974,12.87892,
NZL,SHPRICE,TOT,IDX2015,A,1975,11.89361,
NZL,SHPRICE,TOT,IDX2015,A,1976,12.93427,
NZL,SHPRICE,TOT,IDX2015,A,1977,11.42171,B
NZL,SHPRICE,TOT,IDX2015,A,1978,11.61543,
NZL,SHPRICE,TOT,IDX2015,A,1979,12.69031,
NZL,SHPRICE,TOT,IDX2015,A,1980,16.41962,
NZL,SHPRICE,TOT,IDX2015,A,1981,23.36558,
NZL,SHPRICE,TOT,IDX2015,A,1982,22.84197,
NZL,SHPRICE,TOT,IDX2015,A,1983,30.21394,
NZL,SHPRICE,TOT,IDX2015,A,1984,43.10889,
NZL,SHPRICE,TOT,IDX2015,A,1985,50.73428,
NZL,SHPRICE,TOT,IDX2015,A,1986,89.77522,B
NZL,SHPRICE,TOT,IDX2015,A,1987,93.4339,
NZL,SHPRICE,TOT,IDX2015,A,1988,56.93306,
NZL,SHPRICE,TOT,IDX2015,A,1989,59.11778,
NZL,SHPRICE,TOT,IDX2015,A,1990,49.24853,
NZL,SHPRICE,TOT,IDX2015,A,1991,40.2697,
NZL,SHPRICE,TOT,IDX2015,A,1992,43.48306,
NZL,SHPRICE,TOT,IDX2015,A,1993,53.72575,
NZL,SHPRICE,TOT,IDX2015,A,1994,64.57092,
NZL,SHPRICE,TOT,IDX2015,A,1995,63.35861,
NZL,SHPRICE,TOT,IDX2015,A,1996,66.85373,
NZL,SHPRICE,TOT,IDX2015,A,1997,73.41335,
NZL,SHPRICE,TOT,IDX2015,A,1998,62.46666,
NZL,SHPRICE,TOT,IDX2015,A,1999,66.72978,
NZL,SHPRICE,TOT,IDX2015,A,2000,63.5146,
NZL,SHPRICE,TOT,IDX2015,A,2001,62.63875,
NZL,SHPRICE,TOT,IDX2015,A,2002,64.80781,
NZL,SHPRICE,TOT,IDX2015,A,2003,67.30801,
NZL,SHPRICE,TOT,IDX2015,A,2004,79.21844,
NZL,SHPRICE,TOT,IDX2015,A,2005,88.39185,
NZL,SHPRICE,TOT,IDX2015,A,2006,91.12276,
NZL,SHPRICE,TOT,IDX2015,A,2007,100.5161,
NZL,SHPRICE,TOT,IDX2015,A,2008,75.73389,
NZL,SHPRICE,TOT,IDX2015,A,2009,62.66788,
NZL,SHPRICE,TOT,IDX2015,A,2010,64.88675,
NZL,SHPRICE,TOT,IDX2015,A,2011,66.67247,
NZL,SHPRICE,TOT,IDX2015,A,2012,69.88073,
NZL,SHPRICE,TOT,IDX2015,A,2013,84.4073,
NZL,SHPRICE,TOT,IDX2015,A,2014,92.69604,
NZL,SHPRICE,TOT,IDX2015,A,2015,100,
NZL,SHPRICE,TOT,IDX2015,A,2016,113.0788,
NZL,SHPRICE,TOT,IDX2015,A,2017,121.3388,
NZL,SHPRICE,TOT,IDX2015,A,2018,134.8975,
NZL,SHPRICE,TOT,IDX2015,A,2019,152.9353,
NZL,SHPRICE,TOT,IDX2015,A,2020,166.7853,
NOR,SHPRICE,TOT,IDX2015,A,1986,5.976775,
NOR,SHPRICE,TOT,IDX2015,A,1987,6.862418,
NOR,SHPRICE,TOT,IDX2015,A,1988,6.045171,
NOR,SHPRICE,TOT,IDX2015,A,1989,10.04196,
NOR,SHPRICE,TOT,IDX2015,A,1990,12.20083,
NOR,SHPRICE,TOT,IDX2015,A,1991,9.99812,
NOR,SHPRICE,TOT,IDX2015,A,1992,8.251387,
NOR,SHPRICE,TOT,IDX2015,A,1993,10.56984,
NOR,SHPRICE,TOT,IDX2015,A,1994,13.32147,
NOR,SHPRICE,TOT,IDX2015,A,1995,14.43994,B
NOR,SHPRICE,TOT,IDX2015,A,1996,17.45799,
NOR,SHPRICE,TOT,IDX2015,A,1997,25.32718,
NOR,SHPRICE,TOT,IDX2015,A,1998,23.31964,
NOR,SHPRICE,TOT,IDX2015,A,1999,22.39675,
NOR,SHPRICE,TOT,IDX2015,A,2000,28.79545,
NOR,SHPRICE,TOT,IDX2015,A,2001,26.07239,
NOR,SHPRICE,TOT,IDX2015,A,2002,21.97089,
NOR,SHPRICE,TOT,IDX2015,A,2003,21.0632,
NOR,SHPRICE,TOT,IDX2015,A,2004,32.19968,
NOR,SHPRICE,TOT,IDX2015,A,2005,47.097,
NOR,SHPRICE,TOT,IDX2015,A,2006,66.46877,
NOR,SHPRICE,TOT,IDX2015,A,2007,82.78613,
NOR,SHPRICE,TOT,IDX2015,A,2008,66.81609,
NOR,SHPRICE,TOT,IDX2015,A,2009,50.24091,
NOR,SHPRICE,TOT,IDX2015,A,2010,63.63547,
NOR,SHPRICE,TOT,IDX2015,A,2011,69.08046,
NOR,SHPRICE,TOT,IDX2015,A,2012,71.57411,
NOR,SHPRICE,TOT,IDX2015,A,2013,81.64138,
NOR,SHPRICE,TOT,IDX2015,A,2014,97.16092,
NOR,SHPRICE,TOT,IDX2015,A,2015,100,
NOR,SHPRICE,TOT,IDX2015,A,2016,100.0486,
NOR,SHPRICE,TOT,IDX2015,A,2017,122.245,
NOR,SHPRICE,TOT,IDX2015,A,2018,146.9248,
NOR,SHPRICE,TOT,IDX2015,A,2019,147.6501,
NOR,SHPRICE,TOT,IDX2015,A,2020,139.0697,
POL,SHPRICE,TOT,IDX2015,A,1992,1.680999,
POL,SHPRICE,TOT,IDX2015,A,1993,8.691972,
POL,SHPRICE,TOT,IDX2015,A,1994,22.34732,
POL,SHPRICE,TOT,IDX2015,A,1995,15.09363,
POL,SHPRICE,TOT,IDX2015,A,1996,24.27599,
POL,SHPRICE,TOT,IDX2015,A,1997,31.06511,
POL,SHPRICE,TOT,IDX2015,A,1998,28.57822,
POL,SHPRICE,TOT,IDX2015,A,1999,29.65553,
POL,SHPRICE,TOT,IDX2015,A,2000,36.46886,
POL,SHPRICE,TOT,IDX2015,A,2001,27.61584,
POL,SHPRICE,TOT,IDX2015,A,2002,27.73978,
POL,SHPRICE,TOT,IDX2015,A,2003,32.79824,
POL,SHPRICE,TOT,IDX2015,A,2004,46.28621,
POL,SHPRICE,TOT,IDX2015,A,2005,56.74115,
POL,SHPRICE,TOT,IDX2015,A,2006,82.79401,
POL,SHPRICE,TOT,IDX2015,A,2007,113.3132,
POL,SHPRICE,TOT,IDX2015,A,2008,78.14728,
POL,SHPRICE,TOT,IDX2015,A,2009,61.47783,
POL,SHPRICE,TOT,IDX2015,A,2010,82.10414,
POL,SHPRICE,TOT,IDX2015,A,2011,85.68409,
POL,SHPRICE,TOT,IDX2015,A,2012,79.98017,
POL,SHPRICE,TOT,IDX2015,A,2013,92.82993,
POL,SHPRICE,TOT,IDX2015,A,2014,100.3148,
POL,SHPRICE,TOT,IDX2015,A,2015,100,
POL,SHPRICE,TOT,IDX2015,A,2016,90.16945,
POL,SHPRICE,TOT,IDX2015,A,2017,117.2323,
POL,SHPRICE,TOT,IDX2015,A,2018,114.101,
POL,SHPRICE,TOT,IDX2015,A,2019,112.6804,
POL,SHPRICE,TOT,IDX2015,A,2020,97.08381,
PRT,SHPRICE,TOT,IDX2015,A,1988,32.07163,
PRT,SHPRICE,TOT,IDX2015,A,1989,32.40496,
PRT,SHPRICE,TOT,IDX2015,A,1990,32.249,
PRT,SHPRICE,TOT,IDX2015,A,1991,27.02936,
PRT,SHPRICE,TOT,IDX2015,A,1992,23.90752,
PRT,SHPRICE,TOT,IDX2015,A,1993,27.37392,
PRT,SHPRICE,TOT,IDX2015,A,1994,36.71106,
PRT,SHPRICE,TOT,IDX2015,A,1995,35.50695,
PRT,SHPRICE,TOT,IDX2015,A,1996,41.03752,
PRT,SHPRICE,TOT,IDX2015,A,1997,64.3963,
PRT,SHPRICE,TOT,IDX2015,A,1998,102.0019,
PRT,SHPRICE,TOT,IDX2015,A,1999,93.37344,
PRT,SHPRICE,TOT,IDX2015,A,2000,113.0757,
PRT,SHPRICE,TOT,IDX2015,A,2001,87.0468,
PRT,SHPRICE,TOT,IDX2015,A,2002,71.11423,
PRT,SHPRICE,TOT,IDX2015,A,2003,66.15204,
PRT,SHPRICE,TOT,IDX2015,A,2004,84.35725,
PRT,SHPRICE,TOT,IDX2015,A,2005,93.91418,
PRT,SHPRICE,TOT,IDX2015,A,2006,121.6776,
PRT,SHPRICE,TOT,IDX2015,A,2007,158.658,
PRT,SHPRICE,TOT,IDX2015,A,2008,118.7857,
PRT,SHPRICE,TOT,IDX2015,A,2009,99.46138,
PRT,SHPRICE,TOT,IDX2015,A,2010,107.0478,
PRT,SHPRICE,TOT,IDX2015,A,2011,102.2247,
PRT,SHPRICE,TOT,IDX2015,A,2012,84.68216,
PRT,SHPRICE,TOT,IDX2015,A,2013,101.506,
PRT,SHPRICE,TOT,IDX2015,A,2014,108.5378,
PRT,SHPRICE,TOT,IDX2015,A,2015,100,
PRT,SHPRICE,TOT,IDX2015,A,2016,97.16599,
PRT,SHPRICE,TOT,IDX2015,A,2017,111.8613,
PRT,SHPRICE,TOT,IDX2015,A,2018,122.5514,
PRT,SHPRICE,TOT,IDX2015,A,2019,125.4017,
PRT,SHPRICE,TOT,IDX2015,A,2020,128.1814,
SVK,SHPRICE,TOT,IDX2015,A,1994,93.06883,
SVK,SHPRICE,TOT,IDX2015,A,1995,67.63762,
SVK,SHPRICE,TOT,IDX2015,A,1996,75.16794,
SVK,SHPRICE,TOT,IDX2015,A,1997,70.49297,
SVK,SHPRICE,TOT,IDX2015,A,1998,45.77913,
SVK,SHPRICE,TOT,IDX2015,A,1999,32.20111,
SVK,SHPRICE,TOT,IDX2015,A,2000,31.86379,
SVK,SHPRICE,TOT,IDX2015,A,2001,39.43619,
SVK,SHPRICE,TOT,IDX2015,A,2002,44.96153,
SVK,SHPRICE,TOT,IDX2015,A,2003,63.26271,
SVK,SHPRICE,TOT,IDX2015,A,2004,82.05253,
SVK,SHPRICE,TOT,IDX2015,A,2005,168.1603,
SVK,SHPRICE,TOT,IDX2015,A,2006,155.4564,
SVK,SHPRICE,TOT,IDX2015,A,2007,162.7525,
SVK,SHPRICE,TOT,IDX2015,A,2008,166.2189,
SVK,SHPRICE,TOT,IDX2015,A,2009,122.5694,
SVK,SHPRICE,TOT,IDX2015,A,2010,87.12971,
SVK,SHPRICE,TOT,IDX2015,A,2011,87.92097,
SVK,SHPRICE,TOT,IDX2015,A,2012,75.87053,
SVK,SHPRICE,TOT,IDX2015,A,2013,73.54719,
SVK,SHPRICE,TOT,IDX2015,A,2014,81.40166,
SVK,SHPRICE,TOT,IDX2015,A,2015,100,
SVK,SHPRICE,TOT,IDX2015,A,2016,121.5481,
SVK,SHPRICE,TOT,IDX2015,A,2017,122.5212,
SVK,SHPRICE,TOT,IDX2015,A,2018,128.7521,
SVK,SHPRICE,TOT,IDX2015,A,2019,132.6891,
SVK,SHPRICE,TOT,IDX2015,A,2020,132.5243,
ESP,SHPRICE,TOT,IDX2015,A,1985,7.838817,
ESP,SHPRICE,TOT,IDX2015,A,1986,15.65766,
ESP,SHPRICE,TOT,IDX2015,A,1987,23.02394,
ESP,SHPRICE,TOT,IDX2015,A,1988,25.56035,
ESP,SHPRICE,TOT,IDX2015,A,1989,27.8067,
ESP,SHPRICE,TOT,IDX2015,A,1990,24.33464,
ESP,SHPRICE,TOT,IDX2015,A,1991,24.42349,
ESP,SHPRICE,TOT,IDX2015,A,1992,21.48134,
ESP,SHPRICE,TOT,IDX2015,A,1993,24.64159,
ESP,SHPRICE,TOT,IDX2015,A,1994,29.18997,
ESP,SHPRICE,TOT,IDX2015,A,1995,27.38708,
ESP,SHPRICE,TOT,IDX2015,A,1996,33.43071,
ESP,SHPRICE,TOT,IDX2015,A,1997,51.05916,
ESP,SHPRICE,TOT,IDX2015,A,1998,74.89976,
ESP,SHPRICE,TOT,IDX2015,A,1999,82.76456,
ESP,SHPRICE,TOT,IDX2015,A,2000,93.16686,
ESP,SHPRICE,TOT,IDX2015,A,2001,78.98918,
ESP,SHPRICE,TOT,IDX2015,A,2002,67.2937,
ESP,SHPRICE,TOT,IDX2015,A,2003,65.26476,
ESP,SHPRICE,TOT,IDX2015,A,2004,79.58226,
ESP,SHPRICE,TOT,IDX2015,A,2005,98.10718,
ESP,SHPRICE,TOT,IDX2015,A,2006,122.5826,
ESP,SHPRICE,TOT,IDX2015,A,2007,150.9703,
ESP,SHPRICE,TOT,IDX2015,A,2008,118.2285,
ESP,SHPRICE,TOT,IDX2015,A,2009,96.52818,
ESP,SHPRICE,TOT,IDX2015,A,2010,99.71819,
ESP,SHPRICE,TOT,IDX2015,A,2011,90.03854,
ESP,SHPRICE,TOT,IDX2015,A,2012,71.20173,
ESP,SHPRICE,TOT,IDX2015,A,2013,81.39394,
ESP,SHPRICE,TOT,IDX2015,A,2014,98.66948,
ESP,SHPRICE,TOT,IDX2015,A,2015,100,
ESP,SHPRICE,TOT,IDX2015,A,2016,81.40829,
ESP,SHPRICE,TOT,IDX2015,A,2017,95.65353,
ESP,SHPRICE,TOT,IDX2015,A,2018,89.79575,
ESP,SHPRICE,TOT,IDX2015,A,2019,85.41149,
ESP,SHPRICE,TOT,IDX2015,A,2020,69.75615,
SWE,SHPRICE,TOT,IDX2015,A,1950,0.2208282,
SWE,SHPRICE,TOT,IDX2015,A,1951,0.2832237,
SWE,SHPRICE,TOT,IDX2015,A,1952,0.2635753,
SWE,SHPRICE,TOT,IDX2015,A,1953,0.2645338,
SWE,SHPRICE,TOT,IDX2015,A,1954,0.3338301,
SWE,SHPRICE,TOT,IDX2015,A,1955,0.3603794,
SWE,SHPRICE,TOT,IDX2015,A,1956,0.3455233,
SWE,SHPRICE,TOT,IDX2015,A,1957,0.3619128,
SWE,SHPRICE,TOT,IDX2015,A,1958,0.3834781,
SWE,SHPRICE,TOT,IDX2015,A,1959,0.4979177,
SWE,SHPRICE,TOT,IDX2015,A,1960,0.5650097,
SWE,SHPRICE,TOT,IDX2015,A,1961,0.5968304,
SWE,SHPRICE,TOT,IDX2015,A,1962,0.549291,
SWE,SHPRICE,TOT,IDX2015,A,1963,0.6159995,
SWE,SHPRICE,TOT,IDX2015,A,1964,0.7126118,
SWE,SHPRICE,TOT,IDX2015,A,1965,0.8180419,
SWE,SHPRICE,TOT,IDX2015,A,1966,0.7283305,
SWE,SHPRICE,TOT,IDX2015,A,1967,0.6798326,
SWE,SHPRICE,TOT,IDX2015,A,1968,0.7682022,
SWE,SHPRICE,TOT,IDX2015,A,1969,0.9481044,
SWE,SHPRICE,TOT,IDX2015,A,1970,0.744145,
SWE,SHPRICE,TOT,IDX2015,A,1971,0.7878506,
SWE,SHPRICE,TOT,IDX2015,A,1972,0.9184881,
SWE,SHPRICE,TOT,IDX2015,A,1973,0.9661233,
SWE,SHPRICE,TOT,IDX2015,A,1974,1.0082,
SWE,SHPRICE,TOT,IDX2015,A,1975,1.095036,
SWE,SHPRICE,TOT,IDX2015,A,1976,1.251839,
SWE,SHPRICE,TOT,IDX2015,A,1977,1.090914,
SWE,SHPRICE,TOT,IDX2015,A,1978,1.153118,
SWE,SHPRICE,TOT,IDX2015,A,1979,1.147176,
SWE,SHPRICE,TOT,IDX2015,A,1980,1.236515,
SWE,SHPRICE,TOT,IDX2015,A,1981,1.844863,
SWE,SHPRICE,TOT,IDX2015,A,1982,2.294079,
SWE,SHPRICE,TOT,IDX2015,A,1983,4.430125,
SWE,SHPRICE,TOT,IDX2015,A,1984,4.973693,
SWE,SHPRICE,TOT,IDX2015,A,1985,4.546661,
SWE,SHPRICE,TOT,IDX2015,A,1986,7.444287,
SWE,SHPRICE,TOT,IDX2015,A,1987,9.010287,
SWE,SHPRICE,TOT,IDX2015,A,1988,9.834798,
SWE,SHPRICE,TOT,IDX2015,A,1989,13.66457,
SWE,SHPRICE,TOT,IDX2015,A,1990,12.98623,
SWE,SHPRICE,TOT,IDX2015,A,1991,11.89583,
SWE,SHPRICE,TOT,IDX2015,A,1992,10.14993,
SWE,SHPRICE,TOT,IDX2015,A,1993,13.27881,
SWE,SHPRICE,TOT,IDX2015,A,1994,16.92891,
SWE,SHPRICE,TOT,IDX2015,A,1995,18.85254,
SWE,SHPRICE,TOT,IDX2015,A,1996,22.9527,
SWE,SHPRICE,TOT,IDX2015,A,1997,33.423,
SWE,SHPRICE,TOT,IDX2015,A,1998,38.62395,
SWE,SHPRICE,TOT,IDX2015,A,1999,44.78749,
SWE,SHPRICE,TOT,IDX2015,A,2000,66.72523,
SWE,SHPRICE,TOT,IDX2015,A,2001,46.88017,
SWE,SHPRICE,TOT,IDX2015,A,2002,36.07195,
SWE,SHPRICE,TOT,IDX2015,A,2003,31.96403,
SWE,SHPRICE,TOT,IDX2015,A,2004,41.01732,
SWE,SHPRICE,TOT,IDX2015,A,2005,49.94918,
SWE,SHPRICE,TOT,IDX2015,A,2006,63.21703,
SWE,SHPRICE,TOT,IDX2015,A,2007,76.0595,
SWE,SHPRICE,TOT,IDX2015,A,2008,53.34807,
SWE,SHPRICE,TOT,IDX2015,A,2009,48.22885,
SWE,SHPRICE,TOT,IDX2015,A,2010,63.01257,
SWE,SHPRICE,TOT,IDX2015,A,2011,63.96299,
SWE,SHPRICE,TOT,IDX2015,A,2012,63.39936,
SWE,SHPRICE,TOT,IDX2015,A,2013,74.22955,
SWE,SHPRICE,TOT,IDX2015,A,2014,85.76127,
SWE,SHPRICE,TOT,IDX2015,A,2015,100,
SWE,SHPRICE,TOT,IDX2015,A,2016,95.41479,
SWE,SHPRICE,TOT,IDX2015,A,2017,110.3441,
SWE,SHPRICE,TOT,IDX2015,A,2018,110.9219,
SWE,SHPRICE,TOT,IDX2015,A,2019,117.8023,
SWE,SHPRICE,TOT,IDX2015,A,2020,130.2888,
CHE,SHPRICE,TOT,IDX2015,A,1955,2.885838,
CHE,SHPRICE,TOT,IDX2015,A,1956,2.987411,
CHE,SHPRICE,TOT,IDX2015,A,1957,2.754151,
CHE,SHPRICE,TOT,IDX2015,A,1958,2.741691,
CHE,SHPRICE,TOT,IDX2015,A,1959,3.703937,
CHE,SHPRICE,TOT,IDX2015,A,1960,5.221961,
CHE,SHPRICE,TOT,IDX2015,A,1961,7.716286,
CHE,SHPRICE,TOT,IDX2015,A,1962,7.90754,
CHE,SHPRICE,TOT,IDX2015,A,1963,7.249664,
CHE,SHPRICE,TOT,IDX2015,A,1964,6.63935,
CHE,SHPRICE,TOT,IDX2015,A,1965,6.102134,
CHE,SHPRICE,TOT,IDX2015,A,1966,5.654788,
CHE,SHPRICE,TOT,IDX2015,A,1967,6.057074,
CHE,SHPRICE,TOT,IDX2015,A,1968,8.729636,
CHE,SHPRICE,TOT,IDX2015,A,1969,10.45419,
CHE,SHPRICE,TOT,IDX2015,A,1970,9.316669,
CHE,SHPRICE,TOT,IDX2015,A,1971,10.15904,
CHE,SHPRICE,TOT,IDX2015,A,1972,11.92665,
CHE,SHPRICE,TOT,IDX2015,A,1973,10.80215,
CHE,SHPRICE,TOT,IDX2015,A,1974,7.930821,
CHE,SHPRICE,TOT,IDX2015,A,1975,7.939083,
CHE,SHPRICE,TOT,IDX2015,A,1976,8.790467,
CHE,SHPRICE,TOT,IDX2015,A,1977,9.284626,
CHE,SHPRICE,TOT,IDX2015,A,1978,9.245574,
CHE,SHPRICE,TOT,IDX2015,A,1979,10.05816,
CHE,SHPRICE,TOT,IDX2015,A,1980,10.00058,
CHE,SHPRICE,TOT,IDX2015,A,1981,9.265851,
CHE,SHPRICE,TOT,IDX2015,A,1982,8.594457,
CHE,SHPRICE,TOT,IDX2015,A,1983,10.61991,
CHE,SHPRICE,TOT,IDX2015,A,1984,11.64953,
CHE,SHPRICE,TOT,IDX2015,A,1985,14.92089,
CHE,SHPRICE,TOT,IDX2015,A,1986,19.15779,
CHE,SHPRICE,TOT,IDX2015,A,1987,18.43157,
CHE,SHPRICE,TOT,IDX2015,A,1988,15.58027,
CHE,SHPRICE,TOT,IDX2015,A,1989,19.03888,
CHE,SHPRICE,TOT,IDX2015,A,1990,18.51909,
CHE,SHPRICE,TOT,IDX2015,A,1991,18.53009,
CHE,SHPRICE,TOT,IDX2015,A,1992,20.31243,
CHE,SHPRICE,TOT,IDX2015,A,1993,25.86831,
CHE,SHPRICE,TOT,IDX2015,A,1994,30.38149,
CHE,SHPRICE,TOT,IDX2015,A,1995,31.39279,
CHE,SHPRICE,TOT,IDX2015,A,1996,39.43304,
CHE,SHPRICE,TOT,IDX2015,A,1997,55.50232,
CHE,SHPRICE,TOT,IDX2015,A,1998,74.13711,
CHE,SHPRICE,TOT,IDX2015,A,1999,75.94938,
CHE,SHPRICE,TOT,IDX2015,A,2000,84.94353,
CHE,SHPRICE,TOT,IDX2015,A,2001,75.58876,
CHE,SHPRICE,TOT,IDX2015,A,2002,61.61496,
CHE,SHPRICE,TOT,IDX2015,A,2003,52.44557,
CHE,SHPRICE,TOT,IDX2015,A,2004,61.84813,
CHE,SHPRICE,TOT,IDX2015,A,2005,71.3159,
CHE,SHPRICE,TOT,IDX2015,A,2006,89.7703,
CHE,SHPRICE,TOT,IDX2015,A,2007,101.9368,
CHE,SHPRICE,TOT,IDX2015,A,2008,78.60429,
CHE,SHPRICE,TOT,IDX2015,A,2009,64.07933,
CHE,SHPRICE,TOT,IDX2015,A,2010,73.47774,
CHE,SHPRICE,TOT,IDX2015,A,2011,68.54575,
CHE,SHPRICE,TOT,IDX2015,A,2012,70.37756,
CHE,SHPRICE,TOT,IDX2015,A,2013,86.62769,
CHE,SHPRICE,TOT,IDX2015,A,2014,95.60264,
CHE,SHPRICE,TOT,IDX2015,A,2015,100,
CHE,SHPRICE,TOT,IDX2015,A,2016,92.26156,
CHE,SHPRICE,TOT,IDX2015,A,2017,103.9174,
CHE,SHPRICE,TOT,IDX2015,A,2018,104.9205,
CHE,SHPRICE,TOT,IDX2015,A,2019,114.2022,
CHE,SHPRICE,TOT,IDX2015,A,2020,118.4709,
TUR,SHPRICE,TOT,IDX2015,A,1988,0.006610696,
TUR,SHPRICE,TOT,IDX2015,A,1989,0.01115555,
TUR,SHPRICE,TOT,IDX2015,A,1990,0.04947693,
TUR,SHPRICE,TOT,IDX2015,A,1991,0.04627487,
TUR,SHPRICE,TOT,IDX2015,A,1992,0.04916705,
TUR,SHPRICE,TOT,IDX2015,A,1993,0.1283921,
TUR,SHPRICE,TOT,IDX2015,A,1994,0.2687661,
TUR,SHPRICE,TOT,IDX2015,A,1995,0.519766,
TUR,SHPRICE,TOT,IDX2015,A,1996,0.847202,
TUR,SHPRICE,TOT,IDX2015,A,1997,2.513407,
TUR,SHPRICE,TOT,IDX2015,A,1998,4.022712,
TUR,SHPRICE,TOT,IDX2015,A,1999,7.124781,
TUR,SHPRICE,TOT,IDX2015,A,2000,17.92645,
TUR,SHPRICE,TOT,IDX2015,A,2001,12.57148,
TUR,SHPRICE,TOT,IDX2015,A,2002,13.65925,
TUR,SHPRICE,TOT,IDX2015,A,2003,15.21534,
TUR,SHPRICE,TOT,IDX2015,A,2004,24.65738,
TUR,SHPRICE,TOT,IDX2015,A,2005,36.38765,
TUR,SHPRICE,TOT,IDX2015,A,2006,49.38138,
TUR,SHPRICE,TOT,IDX2015,A,2007,59.82195,
TUR,SHPRICE,TOT,IDX2015,A,2008,46.6427,
TUR,SHPRICE,TOT,IDX2015,A,2009,46.48414,
TUR,SHPRICE,TOT,IDX2015,A,2010,73.73137,
TUR,SHPRICE,TOT,IDX2015,A,2011,75.30027,
TUR,SHPRICE,TOT,IDX2015,A,2012,79.03025,
TUR,SHPRICE,TOT,IDX2015,A,2013,96.60293,
TUR,SHPRICE,TOT,IDX2015,A,2014,93.2354,
TUR,SHPRICE,TOT,IDX2015,A,2015,100,
TUR,SHPRICE,TOT,IDX2015,A,2016,95.66441,
TUR,SHPRICE,TOT,IDX2015,A,2017,122.7455,
TUR,SHPRICE,TOT,IDX2015,A,2018,126.2625,
TUR,SHPRICE,TOT,IDX2015,A,2019,123.0558,
TUR,SHPRICE,TOT,IDX2015,A,2020,140.5114,
GBR,SHPRICE,TOT,IDX2015,A,1958,1.751616,
GBR,SHPRICE,TOT,IDX2015,A,1959,2.397636,
GBR,SHPRICE,TOT,IDX2015,A,1960,2.897725,
GBR,SHPRICE,TOT,IDX2015,A,1961,2.987026,
GBR,SHPRICE,TOT,IDX2015,A,1962,2.782722,
GBR,SHPRICE,TOT,IDX2015,A,1963,3.146462,
GBR,SHPRICE,TOT,IDX2015,A,1964,3.354687,
GBR,SHPRICE,TOT,IDX2015,A,1965,3.157788,
GBR,SHPRICE,TOT,IDX2015,A,1966,3.186103,
GBR,SHPRICE,TOT,IDX2015,A,1967,3.400863,
GBR,SHPRICE,TOT,IDX2015,A,1968,4.80355,
GBR,SHPRICE,TOT,IDX2015,A,1969,4.756067,
GBR,SHPRICE,TOT,IDX2015,A,1970,4.211546,
GBR,SHPRICE,TOT,IDX2015,A,1971,4.957758,
GBR,SHPRICE,TOT,IDX2015,A,1972,6.328209,
GBR,SHPRICE,TOT,IDX2015,A,1973,5.468737,
GBR,SHPRICE,TOT,IDX2015,A,1974,3.220517,
GBR,SHPRICE,TOT,IDX2015,A,1975,4.023795,
GBR,SHPRICE,TOT,IDX2015,A,1976,4.819667,
GBR,SHPRICE,TOT,IDX2015,A,1977,6.178793,
GBR,SHPRICE,TOT,IDX2015,A,1978,6.961597,
GBR,SHPRICE,TOT,IDX2015,A,1979,7.910371,
GBR,SHPRICE,TOT,IDX2015,A,1980,8.454021,
GBR,SHPRICE,TOT,IDX2015,A,1981,9.534787,
GBR,SHPRICE,TOT,IDX2015,A,1982,11.04725,
GBR,SHPRICE,TOT,IDX2015,A,1983,13.94236,
GBR,SHPRICE,TOT,IDX2015,A,1984,16.55168,
GBR,SHPRICE,TOT,IDX2015,A,1985,19.82957,
GBR,SHPRICE,TOT,IDX2015,A,1986,24.09079,
GBR,SHPRICE,TOT,IDX2015,A,1987,30.8404,
GBR,SHPRICE,TOT,IDX2015,A,1988,27.33012,
GBR,SHPRICE,TOT,IDX2015,A,1989,32.9841,
GBR,SHPRICE,TOT,IDX2015,A,1990,33.73354,
GBR,SHPRICE,TOT,IDX2015,A,1991,37.38638,
GBR,SHPRICE,TOT,IDX2015,A,1992,38.83461,
GBR,SHPRICE,TOT,IDX2015,A,1993,44.8815,
GBR,SHPRICE,TOT,IDX2015,A,1994,47.64867,
GBR,SHPRICE,TOT,IDX2015,A,1995,50.8046,
GBR,SHPRICE,TOT,IDX2015,A,1996,58.054,
GBR,SHPRICE,TOT,IDX2015,A,1997,71.1327,
GBR,SHPRICE,TOT,IDX2015,A,1998,85.39407,
GBR,SHPRICE,TOT,IDX2015,A,1999,95.26723,
GBR,SHPRICE,TOT,IDX2015,A,2000,96.60779,
GBR,SHPRICE,TOT,IDX2015,A,2001,84.28798,
GBR,SHPRICE,TOT,IDX2015,A,2002,69.74495,
GBR,SHPRICE,TOT,IDX2015,A,2003,61.38608,
GBR,SHPRICE,TOT,IDX2015,A,2004,68.56075,
GBR,SHPRICE,TOT,IDX2015,A,2005,78.19041,
GBR,SHPRICE,TOT,IDX2015,A,2006,89.81042,
GBR,SHPRICE,TOT,IDX2015,A,2007,97.11161,
GBR,SHPRICE,TOT,IDX2015,A,2008,81.40406,
GBR,SHPRICE,TOT,IDX2015,A,2009,69.23383,
GBR,SHPRICE,TOT,IDX2015,A,2010,82.91277,
GBR,SHPRICE,TOT,IDX2015,A,2011,86.29498,
GBR,SHPRICE,TOT,IDX2015,A,2012,87.05782,
GBR,SHPRICE,TOT,IDX2015,A,2013,98.11622,
GBR,SHPRICE,TOT,IDX2015,A,2014,101.3356,
GBR,SHPRICE,TOT,IDX2015,A,2015,100,
GBR,SHPRICE,TOT,IDX2015,A,2016,98.14618,
GBR,SHPRICE,TOT,IDX2015,A,2017,111.8835,
GBR,SHPRICE,TOT,IDX2015,A,2018,111.5282,
GBR,SHPRICE,TOT,IDX2015,A,2019,110.3715,
GBR,SHPRICE,TOT,IDX2015,A,2020,95.16901,
USA,SHPRICE,TOT,IDX2015,A,1957,2.479235,
USA,SHPRICE,TOT,IDX2015,A,1958,2.562685,
USA,SHPRICE,TOT,IDX2015,A,1959,3.293681,
USA,SHPRICE,TOT,IDX2015,A,1960,3.221421,
USA,SHPRICE,TOT,IDX2015,A,1961,3.604168,
USA,SHPRICE,TOT,IDX2015,A,1962,3.333774,
USA,SHPRICE,TOT,IDX2015,A,1963,3.724447,
USA,SHPRICE,TOT,IDX2015,A,1964,4.338624,
USA,SHPRICE,TOT,IDX2015,A,1965,4.693504,
USA,SHPRICE,TOT,IDX2015,A,1966,4.570708,
USA,SHPRICE,TOT,IDX2015,A,1967,5.027934,
USA,SHPRICE,TOT,IDX2015,A,1968,5.48334,
USA,SHPRICE,TOT,IDX2015,A,1969,5.413617,
USA,SHPRICE,TOT,IDX2015,A,1970,4.527286,
USA,SHPRICE,TOT,IDX2015,A,1971,5.369632,
USA,SHPRICE,TOT,IDX2015,A,1972,5.970877,
USA,SHPRICE,TOT,IDX2015,A,1973,5.686059,
USA,SHPRICE,TOT,IDX2015,A,1974,4.341396,
USA,SHPRICE,TOT,IDX2015,A,1975,4.528842,
USA,SHPRICE,TOT,IDX2015,A,1976,5.393252,
USA,SHPRICE,TOT,IDX2015,A,1977,5.316549,
USA,SHPRICE,TOT,IDX2015,A,1978,5.317991,
USA,SHPRICE,TOT,IDX2015,A,1979,5.77564,
USA,SHPRICE,TOT,IDX2015,A,1980,6.744715,
USA,SHPRICE,TOT,IDX2015,A,1981,7.32983,
USA,SHPRICE,TOT,IDX2015,A,1982,6.826087,
USA,SHPRICE,TOT,IDX2015,A,1983,9.173972,
USA,SHPRICE,TOT,IDX2015,A,1984,9.153415,
USA,SHPRICE,TOT,IDX2015,A,1985,10.70473,
USA,SHPRICE,TOT,IDX2015,A,1986,13.4681,
USA,SHPRICE,TOT,IDX2015,A,1987,16.01345,
USA,SHPRICE,TOT,IDX2015,A,1988,14.84605,
USA,SHPRICE,TOT,IDX2015,A,1989,17.8264,
USA,SHPRICE,TOT,IDX2015,A,1990,18.16455,
USA,SHPRICE,TOT,IDX2015,A,1991,20.4334,
USA,SHPRICE,TOT,IDX2015,A,1992,22.67925,
USA,SHPRICE,TOT,IDX2015,A,1993,24.71585,
USA,SHPRICE,TOT,IDX2015,A,1994,25.16595,
USA,SHPRICE,TOT,IDX2015,A,1995,28.83294,
USA,SHPRICE,TOT,IDX2015,A,1996,35.46993,
USA,SHPRICE,TOT,IDX2015,A,1997,45.21169,
USA,SHPRICE,TOT,IDX2015,A,1998,54.49232,
USA,SHPRICE,TOT,IDX2015,A,1999,61.31567,
USA,SHPRICE,TOT,IDX2015,A,2000,63.72674,
USA,SHPRICE,TOT,IDX2015,A,2001,59.98403,
USA,SHPRICE,TOT,IDX2015,A,2002,52.27592,
USA,SHPRICE,TOT,IDX2015,A,2003,51.0275,
USA,SHPRICE,TOT,IDX2015,A,2004,61.9426,
USA,SHPRICE,TOT,IDX2015,A,2005,68.82951,
USA,SHPRICE,TOT,IDX2015,A,2006,78.27296,
USA,SHPRICE,TOT,IDX2015,A,2007,90.35461,
USA,SHPRICE,TOT,IDX2015,A,2008,75.2883,
USA,SHPRICE,TOT,IDX2015,A,2009,57.05276,
USA,SHPRICE,TOT,IDX2015,A,2010,67.69056,
USA,SHPRICE,TOT,IDX2015,A,2011,73.72998,
USA,SHPRICE,TOT,IDX2015,A,2012,75.00751,
USA,SHPRICE,TOT,IDX2015,A,2013,88.2661,
USA,SHPRICE,TOT,IDX2015,A,2014,99.80853,
USA,SHPRICE,TOT,IDX2015,A,2015,100,
USA,SHPRICE,TOT,IDX2015,A,2016,97.23914,
USA,SHPRICE,TOT,IDX2015,A,2017,110.9174,
USA,SHPRICE,TOT,IDX2015,A,2018,118.4078,
USA,SHPRICE,TOT,IDX2015,A,2019,120.4798,
USA,SHPRICE,TOT,IDX2015,A,2020,118.3728,
BRA,SHPRICE,TOT,IDX2015,A,1980,0,
BRA,SHPRICE,TOT,IDX2015,A,1981,0,
BRA,SHPRICE,TOT,IDX2015,A,1982,0,
BRA,SHPRICE,TOT,IDX2015,A,1983,0,
BRA,SHPRICE,TOT,IDX2015,A,1984,0,
BRA,SHPRICE,TOT,IDX2015,A,1985,0,
BRA,SHPRICE,TOT,IDX2015,A,1986,0,
BRA,SHPRICE,TOT,IDX2015,A,1987,0,
BRA,SHPRICE,TOT,IDX2015,A,1988,0.000000002714386,
BRA,SHPRICE,TOT,IDX2015,A,1989,0.00000007147883,
BRA,SHPRICE,TOT,IDX2015,A,1990,0.000000742837,
BRA,SHPRICE,TOT,IDX2015,A,1991,0.000007716095,
BRA,SHPRICE,TOT,IDX2015,A,1992,0.0001215457,
BRA,SHPRICE,TOT,IDX2015,A,1993,0.1885857,
BRA,SHPRICE,TOT,IDX2015,A,1994,6.284243,
BRA,SHPRICE,TOT,IDX2015,A,1995,7.816839,
BRA,SHPRICE,TOT,IDX2015,A,1996,11.76699,
BRA,SHPRICE,TOT,IDX2015,A,1997,20.77679,
BRA,SHPRICE,TOT,IDX2015,A,1998,18.61572,
BRA,SHPRICE,TOT,IDX2015,A,1999,22.19518,
BRA,SHPRICE,TOT,IDX2015,A,2000,32.66668,
BRA,SHPRICE,TOT,IDX2015,A,2001,28.20103,
BRA,SHPRICE,TOT,IDX2015,A,2002,23.08524,
BRA,SHPRICE,TOT,IDX2015,A,2003,28.97117,
BRA,SHPRICE,TOT,IDX2015,A,2004,44.82054,
BRA,SHPRICE,TOT,IDX2015,A,2005,55.31696,
BRA,SHPRICE,TOT,IDX2015,A,2006,76.58134,
BRA,SHPRICE,TOT,IDX2015,A,2007,106.9468,
BRA,SHPRICE,TOT,IDX2015,A,2008,111.0512,
BRA,SHPRICE,TOT,IDX2015,A,2009,105.9001,
BRA,SHPRICE,TOT,IDX2015,A,2010,135.1391,
BRA,SHPRICE,TOT,IDX2015,A,2011,123.1824,
BRA,SHPRICE,TOT,IDX2015,A,2012,119.8612,
BRA,SHPRICE,TOT,IDX2015,A,2013,107.9247,
BRA,SHPRICE,TOT,IDX2015,A,2014,105.7618,
BRA,SHPRICE,TOT,IDX2015,A,2015,100,
BRA,SHPRICE,TOT,IDX2015,A,2016,106.7123,
BRA,SHPRICE,TOT,IDX2015,A,2017,136.843,
BRA,SHPRICE,TOT,IDX2015,A,2018,164.1337,
BRA,SHPRICE,TOT,IDX2015,A,2019,202.3809,
BRA,SHPRICE,TOT,IDX2015,A,2020,198.4697,
CHL,SHPRICE,TOT,IDX2015,A,1990,4.765095,
CHL,SHPRICE,TOT,IDX2015,A,1991,10.77028,
CHL,SHPRICE,TOT,IDX2015,A,1992,14.91921,
CHL,SHPRICE,TOT,IDX2015,A,1993,16.1351,
CHL,SHPRICE,TOT,IDX2015,A,1994,25.01264,
CHL,SHPRICE,TOT,IDX2015,A,1995,30.31476,
CHL,SHPRICE,TOT,IDX2015,A,1996,28.85338,
CHL,SHPRICE,TOT,IDX2015,A,1997,28.39795,
CHL,SHPRICE,TOT,IDX2015,A,1998,21.46298,
CHL,SHPRICE,TOT,IDX2015,A,1999,23.63529,
CHL,SHPRICE,TOT,IDX2015,A,2000,26.61829,
CHL,SHPRICE,TOT,IDX2015,A,2001,27.78506,
CHL,SHPRICE,TOT,IDX2015,A,2002,26.78571,
CHL,SHPRICE,TOT,IDX2015,A,2003,32.52565,
CHL,SHPRICE,TOT,IDX2015,A,2004,41.82286,
CHL,SHPRICE,TOT,IDX2015,A,2005,50.08531,
CHL,SHPRICE,TOT,IDX2015,A,2006,54.49514,
CHL,SHPRICE,TOT,IDX2015,A,2007,74.98976,
CHL,SHPRICE,TOT,IDX2015,A,2008,69.44122,
CHL,SHPRICE,TOT,IDX2015,A,2009,75.68615,
CHL,SHPRICE,TOT,IDX2015,A,2010,105.1975,
CHL,SHPRICE,TOT,IDX2015,A,2011,112.6274,
CHL,SHPRICE,TOT,IDX2015,A,2012,110.8381,
CHL,SHPRICE,TOT,IDX2015,A,2013,106.0096,
CHL,SHPRICE,TOT,IDX2015,A,2014,99.80161,
CHL,SHPRICE,TOT,IDX2015,A,2015,100,
CHL,SHPRICE,TOT,IDX2015,A,2016,104.8108,
CHL,SHPRICE,TOT,IDX2015,A,2017,130.6146,
CHL,SHPRICE,TOT,IDX2015,A,2018,145.2496,
CHL,SHPRICE,TOT,IDX2015,A,2019,135.1048,
CHL,SHPRICE,TOT,IDX2015,A,2020,106.5155,
CHN,SHPRICE,TOT,IDX2015,A,1992,21.11407,
CHN,SHPRICE,TOT,IDX2015,A,1993,22.55912,
CHN,SHPRICE,TOT,IDX2015,A,1994,17.52864,
CHN,SHPRICE,TOT,IDX2015,A,1995,15.02381,
CHN,SHPRICE,TOT,IDX2015,A,1996,24.81043,
CHN,SHPRICE,TOT,IDX2015,A,1997,32.30732,
CHN,SHPRICE,TOT,IDX2015,A,1998,31.02488,
CHN,SHPRICE,TOT,IDX2015,A,1999,36.86428,
CHN,SHPRICE,TOT,IDX2015,A,2000,50.45588,
CHN,SHPRICE,TOT,IDX2015,A,2001,53.02361,
CHN,SHPRICE,TOT,IDX2015,A,2002,42.41256,
CHN,SHPRICE,TOT,IDX2015,A,2003,39.7118,
CHN,SHPRICE,TOT,IDX2015,A,2004,40.26295,
CHN,SHPRICE,TOT,IDX2015,A,2005,31.32482,
CHN,SHPRICE,TOT,IDX2015,A,2006,43.70474,
CHN,SHPRICE,TOT,IDX2015,A,2007,114.0021,
CHN,SHPRICE,TOT,IDX2015,A,2008,82.77369,
CHN,SHPRICE,TOT,IDX2015,A,2009,74.00108,
CHN,SHPRICE,TOT,IDX2015,A,2010,76.56194,
CHN,SHPRICE,TOT,IDX2015,A,2011,72.19923,
CHN,SHPRICE,TOT,IDX2015,A,2012,60.07354,
CHN,SHPRICE,TOT,IDX2015,A,2013,59.48183,
CHN,SHPRICE,TOT,IDX2015,A,2014,60.35364,
CHN,SHPRICE,TOT,IDX2015,A,2015,100,
CHN,SHPRICE,TOT,IDX2015,A,2016,81.16949,
CHN,SHPRICE,TOT,IDX2015,A,2017,87.87812,
CHN,SHPRICE,TOT,IDX2015,A,2018,79.73399,
CHN,SHPRICE,TOT,IDX2015,A,2019,78.88381,
CHN,SHPRICE,TOT,IDX2015,A,2020,84.38828,
COL,SHPRICE,TOT,IDX2015,A,1991,1.464606,
COL,SHPRICE,TOT,IDX2015,A,1992,4.731424,
COL,SHPRICE,TOT,IDX2015,A,1993,5.321887,
COL,SHPRICE,TOT,IDX2015,A,1994,9.81804,
COL,SHPRICE,TOT,IDX2015,A,1995,8.314062,
COL,SHPRICE,TOT,IDX2015,A,1996,8.51594,
COL,SHPRICE,TOT,IDX2015,A,1997,12.62789,
COL,SHPRICE,TOT,IDX2015,A,1998,11.10436,
COL,SHPRICE,TOT,IDX2015,A,1999,9.988752,
COL,SHPRICE,TOT,IDX2015,A,2000,8.697018,
COL,SHPRICE,TOT,IDX2015,A,2001,8.412957,
COL,SHPRICE,TOT,IDX2015,A,2002,10.9782,
COL,SHPRICE,TOT,IDX2015,A,2003,16.09973,
COL,SHPRICE,TOT,IDX2015,A,2004,27.77428,
COL,SHPRICE,TOT,IDX2015,A,2005,48.58283,
COL,SHPRICE,TOT,IDX2015,A,2006,76.01475,
COL,SHPRICE,TOT,IDX2015,A,2007,79.27251,
COL,SHPRICE,TOT,IDX2015,A,2008,71.11864,
COL,SHPRICE,TOT,IDX2015,A,2009,84.57743,
COL,SHPRICE,TOT,IDX2015,A,2010,122.0731,
COL,SHPRICE,TOT,IDX2015,A,2011,129.2034,
COL,SHPRICE,TOT,IDX2015,A,2012,132.6405,
COL,SHPRICE,TOT,IDX2015,A,2013,134.1475,
COL,SHPRICE,TOT,IDX2015,A,2014,126.5074,
COL,SHPRICE,TOT,IDX2015,A,2015,100,
COL,SHPRICE,TOT,IDX2015,A,2016,101.3692,
COL,SHPRICE,TOT,IDX2015,A,2017,110.9004,
COL,SHPRICE,TOT,IDX2015,A,2018,116.3269,
COL,SHPRICE,TOT,IDX2015,A,2019,120.597,
COL,SHPRICE,TOT,IDX2015,A,2020,98.27465,
EST,SHPRICE,TOT,IDX2015,A,1997,33.81955,
EST,SHPRICE,TOT,IDX2015,A,1998,19.95684,
EST,SHPRICE,TOT,IDX2015,A,1999,12.80177,
EST,SHPRICE,TOT,IDX2015,A,2000,16.85349,
EST,SHPRICE,TOT,IDX2015,A,2001,15.4353,
EST,SHPRICE,TOT,IDX2015,A,2002,20.63642,
EST,SHPRICE,TOT,IDX2015,A,2003,28.81999,
EST,SHPRICE,TOT,IDX2015,A,2004,40.7751,
EST,SHPRICE,TOT,IDX2015,A,2005,70.2357,
EST,SHPRICE,TOT,IDX2015,A,2006,78.03391,
EST,SHPRICE,TOT,IDX2015,A,2007,102.9832,
EST,SHPRICE,TOT,IDX2015,A,2008,61.37792,
EST,SHPRICE,TOT,IDX2015,A,2009,39.08342,
EST,SHPRICE,TOT,IDX2015,A,2010,67.41861,
EST,SHPRICE,TOT,IDX2015,A,2011,75.55305,
EST,SHPRICE,TOT,IDX2015,A,2012,73.63876,
EST,SHPRICE,TOT,IDX2015,A,2013,94.52067,
EST,SHPRICE,TOT,IDX2015,A,2014,91.33462,
EST,SHPRICE,TOT,IDX2015,A,2015,100,
EST,SHPRICE,TOT,IDX2015,A,2016,113.8415,
EST,SHPRICE,TOT,IDX2015,A,2017,135.7102,
EST,SHPRICE,TOT,IDX2015,A,2018,144.1684,
EST,SHPRICE,TOT,IDX2015,A,2019,144.3101,
EST,SHPRICE,TOT,IDX2015,A,2020,139.8696,
IND,SHPRICE,TOT,IDX2015,A,1957,0.4566957,
IND,SHPRICE,TOT,IDX2015,A,1958,0.458891,
IND,SHPRICE,TOT,IDX2015,A,1959,0.5178868,
IND,SHPRICE,TOT,IDX2015,A,1960,0.5837505,
IND,SHPRICE,TOT,IDX2015,A,1961,0.6173433,
IND,SHPRICE,TOT,IDX2015,A,1962,0.6389531,
IND,SHPRICE,TOT,IDX2015,A,1963,0.5736928,
IND,SHPRICE,TOT,IDX2015,A,1964,0.5723134,
IND,SHPRICE,TOT,IDX2015,A,1965,0.5271202,
IND,SHPRICE,TOT,IDX2015,A,1966,0.5106793,
IND,SHPRICE,TOT,IDX2015,A,1967,0.5148245,
IND,SHPRICE,TOT,IDX2015,A,1968,0.515479,
IND,SHPRICE,TOT,IDX2015,A,1969,0.6005104,
IND,SHPRICE,TOT,IDX2015,A,1970,0.6498166,
IND,SHPRICE,TOT,IDX2015,A,1971,0.628436,
IND,SHPRICE,TOT,IDX2015,A,1972,0.6176912,
IND,SHPRICE,TOT,IDX2015,A,1973,0.4174556,
IND,SHPRICE,TOT,IDX2015,A,1974,0.3703729,
IND,SHPRICE,TOT,IDX2015,A,1975,0.305288,
IND,SHPRICE,TOT,IDX2015,A,1976,0.324615,
IND,SHPRICE,TOT,IDX2015,A,1977,0.3331554,
IND,SHPRICE,TOT,IDX2015,A,1978,0.3870881,
IND,SHPRICE,TOT,IDX2015,A,1979,0.4397411,
IND,SHPRICE,TOT,IDX2015,A,1980,0.4773742,
IND,SHPRICE,TOT,IDX2015,A,1981,0.6917012,
IND,SHPRICE,TOT,IDX2015,A,1982,0.8177356,
IND,SHPRICE,TOT,IDX2015,A,1983,0.8455164,
IND,SHPRICE,TOT,IDX2015,A,1984,0.9222642,
IND,SHPRICE,TOT,IDX2015,A,1985,1.525746,
IND,SHPRICE,TOT,IDX2015,A,1986,2.124938,
IND,SHPRICE,TOT,IDX2015,A,1987,1.775091,
IND,SHPRICE,TOT,IDX2015,A,1988,2.037438,
IND,SHPRICE,TOT,IDX2015,A,1989,2.622107,
IND,SHPRICE,TOT,IDX2015,A,1990,3.560524,
IND,SHPRICE,TOT,IDX2015,A,1991,5.382676,
IND,SHPRICE,TOT,IDX2015,A,1992,10.87743,
IND,SHPRICE,TOT,IDX2015,A,1993,9.345636,
IND,SHPRICE,TOT,IDX2015,A,1994,14.87937,
IND,SHPRICE,TOT,IDX2015,A,1995,12.2854,
IND,SHPRICE,TOT,IDX2015,A,1996,12.36158,
IND,SHPRICE,TOT,IDX2015,A,1997,13.90455,
IND,SHPRICE,TOT,IDX2015,A,1998,12.21954,
IND,SHPRICE,TOT,IDX2015,A,1999,15.16675,
IND,SHPRICE,TOT,IDX2015,A,2000,16.87026,
IND,SHPRICE,TOT,IDX2015,A,2001,12.73223,
IND,SHPRICE,TOT,IDX2015,A,2002,11.91889,
IND,SHPRICE,TOT,IDX2015,A,2003,14.09408,
IND,SHPRICE,TOT,IDX2015,A,2004,20.35729,
IND,SHPRICE,TOT,IDX2015,A,2005,26.9832,
IND,SHPRICE,TOT,IDX2015,A,2006,41.81253,
IND,SHPRICE,TOT,IDX2015,A,2007,56.8198,
IND,SHPRICE,TOT,IDX2015,A,2008,52.72863,
IND,SHPRICE,TOT,IDX2015,A,2009,49.68023,
IND,SHPRICE,TOT,IDX2015,A,2010,66.46271,
IND,SHPRICE,TOT,IDX2015,A,2011,65.03504,
IND,SHPRICE,TOT,IDX2015,A,2012,64.54039,
IND,SHPRICE,TOT,IDX2015,A,2013,72.01601,
IND,SHPRICE,TOT,IDX2015,A,2014,90.13815,
IND,SHPRICE,TOT,IDX2015,A,2015,100,
IND,SHPRICE,TOT,IDX2015,A,2016,96.40953,
IND,SHPRICE,TOT,IDX2015,A,2017,112.9727,
IND,SHPRICE,TOT,IDX2015,A,2018,129.4305,
IND,SHPRICE,TOT,IDX2015,A,2019,140.262,
IND,SHPRICE,TOT,IDX2015,A,2020,138.2809,
IDN,SHPRICE,TOT,IDX2015,A,1998,8.522371,
IDN,SHPRICE,TOT,IDX2015,A,1999,11.06121,
IDN,SHPRICE,TOT,IDX2015,A,2000,10.35827,
IDN,SHPRICE,TOT,IDX2015,A,2001,8.224827,
IDN,SHPRICE,TOT,IDX2015,A,2002,9.206019,
IDN,SHPRICE,TOT,IDX2015,A,2003,10.39737,
IDN,SHPRICE,TOT,IDX2015,A,2004,16.22005,
IDN,SHPRICE,TOT,IDX2015,A,2005,22.17092,
IDN,SHPRICE,TOT,IDX2015,A,2006,29.01402,
IDN,SHPRICE,TOT,IDX2015,A,2007,44.32719,
IDN,SHPRICE,TOT,IDX2015,A,2008,42.81182,
IDN,SHPRICE,TOT,IDX2015,A,2009,40.30956,
IDN,SHPRICE,TOT,IDX2015,A,2010,62.26179,
IDN,SHPRICE,TOT,IDX2015,A,2011,75.94727,
IDN,SHPRICE,TOT,IDX2015,A,2012,83.6391,
IDN,SHPRICE,TOT,IDX2015,A,2013,93.55501,
IDN,SHPRICE,TOT,IDX2015,A,2014,100.0018,
IDN,SHPRICE,TOT,IDX2015,A,2015,100,
IDN,SHPRICE,TOT,IDX2015,A,2016,102.3611,
IDN,SHPRICE,TOT,IDX2015,A,2017,116.9637,
IDN,SHPRICE,TOT,IDX2015,A,2018,124.0269,
IDN,SHPRICE,TOT,IDX2015,A,2019,128.3409,
IDN,SHPRICE,TOT,IDX2015,A,2020,106.7073,
ISR,SHPRICE,TOT,IDX2015,A,1980,0.004654578,
ISR,SHPRICE,TOT,IDX2015,A,1981,0.01418784,
ISR,SHPRICE,TOT,IDX2015,A,1982,0.0464521,
ISR,SHPRICE,TOT,IDX2015,A,1983,0.09488077,
ISR,SHPRICE,TOT,IDX2015,A,1984,0.24405,
ISR,SHPRICE,TOT,IDX2015,A,1985,1.197909,
ISR,SHPRICE,TOT,IDX2015,A,1986,1.878112,
ISR,SHPRICE,TOT,IDX2015,A,1987,2.603675,
ISR,SHPRICE,TOT,IDX2015,A,1988,2.496725,
ISR,SHPRICE,TOT,IDX2015,A,1989,3.713852,
ISR,SHPRICE,TOT,IDX2015,A,1990,5.135575,
ISR,SHPRICE,TOT,IDX2015,A,1991,7.730083,
ISR,SHPRICE,TOT,IDX2015,A,1992,11.74767,
ISR,SHPRICE,TOT,IDX2015,A,1993,17.87581,
ISR,SHPRICE,TOT,IDX2015,A,1994,16.46231,
ISR,SHPRICE,TOT,IDX2015,A,1995,13.58939,
ISR,SHPRICE,TOT,IDX2015,A,1996,13.99471,
ISR,SHPRICE,TOT,IDX2015,A,1997,19.63645,
ISR,SHPRICE,TOT,IDX2015,A,1998,20.74113,
ISR,SHPRICE,TOT,IDX2015,A,1999,26.94396,
ISR,SHPRICE,TOT,IDX2015,A,2000,37.48959,
ISR,SHPRICE,TOT,IDX2015,A,2001,29.6571,
ISR,SHPRICE,TOT,IDX2015,A,2002,28.01686,
ISR,SHPRICE,TOT,IDX2015,A,2003,32.14215,
ISR,SHPRICE,TOT,IDX2015,A,2004,43.90435,
ISR,SHPRICE,TOT,IDX2015,A,2005,53.44145,
ISR,SHPRICE,TOT,IDX2015,A,2006,63.86919,
ISR,SHPRICE,TOT,IDX2015,A,2007,77.87368,
ISR,SHPRICE,TOT,IDX2015,A,2008,64.91547,
ISR,SHPRICE,TOT,IDX2015,A,2009,62.0122,
ISR,SHPRICE,TOT,IDX2015,A,2010,81.54421,
ISR,SHPRICE,TOT,IDX2015,A,2011,77.52296,
ISR,SHPRICE,TOT,IDX2015,A,2012,70.93266,
ISR,SHPRICE,TOT,IDX2015,A,2013,77.34566,
ISR,SHPRICE,TOT,IDX2015,A,2014,89.43774,
ISR,SHPRICE,TOT,IDX2015,A,2015,100,
ISR,SHPRICE,TOT,IDX2015,A,2016,90.5583,
ISR,SHPRICE,TOT,IDX2015,A,2017,85.79356,
ISR,SHPRICE,TOT,IDX2015,A,2018,88.73357,
ISR,SHPRICE,TOT,IDX2015,A,2019,91.29548,
ISR,SHPRICE,TOT,IDX2015,A,2020,88.19936,
LVA,SHPRICE,TOT,IDX2015,A,2000,27.13753,
LVA,SHPRICE,TOT,IDX2015,A,2001,37.50203,
LVA,SHPRICE,TOT,IDX2015,A,2002,42.50338,
LVA,SHPRICE,TOT,IDX2015,A,2003,52.0159,
LVA,SHPRICE,TOT,IDX2015,A,2004,70.73293,
LVA,SHPRICE,TOT,IDX2015,A,2005,106.342,
LVA,SHPRICE,TOT,IDX2015,A,2006,129.1226,
LVA,SHPRICE,TOT,IDX2015,A,2007,144.4603,
LVA,SHPRICE,TOT,IDX2015,A,2008,100.1078,
LVA,SHPRICE,TOT,IDX2015,A,2009,54.42477,
LVA,SHPRICE,TOT,IDX2015,A,2010,75.70319,
LVA,SHPRICE,TOT,IDX2015,A,2011,85.44159,
LVA,SHPRICE,TOT,IDX2015,A,2012,80.533,
LVA,SHPRICE,TOT,IDX2015,A,2013,90.64209,
LVA,SHPRICE,TOT,IDX2015,A,2014,91.46299,
LVA,SHPRICE,TOT,IDX2015,A,2015,100,
LVA,SHPRICE,TOT,IDX2015,A,2016,137.5174,
LVA,SHPRICE,TOT,IDX2015,A,2017,189.1982,
LVA,SHPRICE,TOT,IDX2015,A,2018,211.0535,
LVA,SHPRICE,TOT,IDX2015,A,2019,213.0239,
LVA,SHPRICE,TOT,IDX2015,A,2020,221.2987,
RUS,SHPRICE,TOT,IDX2015,A,1998,2.987355,
RUS,SHPRICE,TOT,IDX2015,A,1999,5.893008,
RUS,SHPRICE,TOT,IDX2015,A,2000,12.30348,
RUS,SHPRICE,TOT,IDX2015,A,2001,11.19945,
RUS,SHPRICE,TOT,IDX2015,A,2002,17.82733,
RUS,SHPRICE,TOT,IDX2015,A,2003,25.10603,
RUS,SHPRICE,TOT,IDX2015,A,2004,33.88972,
RUS,SHPRICE,TOT,IDX2015,A,2005,42.30698,
RUS,SHPRICE,TOT,IDX2015,A,2006,81.17259,
RUS,SHPRICE,TOT,IDX2015,A,2007,102.1392,
RUS,SHPRICE,TOT,IDX2015,A,2008,81.55727,
RUS,SHPRICE,TOT,IDX2015,A,2009,60.2296,
RUS,SHPRICE,TOT,IDX2015,A,2010,85.08493,
RUS,SHPRICE,TOT,IDX2015,A,2011,95.44629,
RUS,SHPRICE,TOT,IDX2015,A,2012,86.31933,
RUS,SHPRICE,TOT,IDX2015,A,2013,85.55556,
RUS,SHPRICE,TOT,IDX2015,A,2014,84.90231,
RUS,SHPRICE,TOT,IDX2015,A,2015,100,
RUS,SHPRICE,TOT,IDX2015,A,2016,114.6625,
RUS,SHPRICE,TOT,IDX2015,A,2017,121.157,
RUS,SHPRICE,TOT,IDX2015,A,2018,137.3069,
RUS,SHPRICE,TOT,IDX2015,A,2019,159.5579,
RUS,SHPRICE,TOT,IDX2015,A,2020,170.7097,
SVN,SHPRICE,TOT,IDX2015,A,1994,25.37159,
SVN,SHPRICE,TOT,IDX2015,A,1995,37.66898,
SVN,SHPRICE,TOT,IDX2015,A,1996,35.39827,
SVN,SHPRICE,TOT,IDX2015,A,1997,43.0828,
SVN,SHPRICE,TOT,IDX2015,A,1998,50.82732,
SVN,SHPRICE,TOT,IDX2015,A,1999,55.77876,
SVN,SHPRICE,TOT,IDX2015,A,2000,52.38146,
SVN,SHPRICE,TOT,IDX2015,A,2001,58.14683,
SVN,SHPRICE,TOT,IDX2015,A,2002,88.87251,
SVN,SHPRICE,TOT,IDX2015,A,2003,103.615,
SVN,SHPRICE,TOT,IDX2015,A,2004,140.0493,
SVN,SHPRICE,TOT,IDX2015,A,2005,142.6342,
SVN,SHPRICE,TOT,IDX2015,A,2006,161.1134,E
SVN,SHPRICE,TOT,IDX2015,A,2007,289.5231,
SVN,SHPRICE,TOT,IDX2015,A,2008,225.5939,
SVN,SHPRICE,TOT,IDX2015,A,2009,130.6087,
SVN,SHPRICE,TOT,IDX2015,A,2010,119.3873,
SVN,SHPRICE,TOT,IDX2015,A,2011,97.19437,
SVN,SHPRICE,TOT,IDX2015,A,2012,75.99403,
SVN,SHPRICE,TOT,IDX2015,A,2013,83.8467,
SVN,SHPRICE,TOT,IDX2015,A,2014,103.2485,
SVN,SHPRICE,TOT,IDX2015,A,2015,100,
SVN,SHPRICE,TOT,IDX2015,A,2016,94.98387,
SVN,SHPRICE,TOT,IDX2015,A,2017,105.4775,
SVN,SHPRICE,TOT,IDX2015,A,2018,112.9061,
SVN,SHPRICE,TOT,IDX2015,A,2019,116.3612,
SVN,SHPRICE,TOT,IDX2015,A,2020,114.7084,
ZAF,SHPRICE,TOT,IDX2015,A,1960,0.3074739,
ZAF,SHPRICE,TOT,IDX2015,A,1961,0.2971303,
ZAF,SHPRICE,TOT,IDX2015,A,1962,0.3635229,
ZAF,SHPRICE,TOT,IDX2015,A,1963,0.5032595,
ZAF,SHPRICE,TOT,IDX2015,A,1964,0.6328796,
ZAF,SHPRICE,TOT,IDX2015,A,1965,0.656172,
ZAF,SHPRICE,TOT,IDX2015,A,1966,0.6977064,
ZAF,SHPRICE,TOT,IDX2015,A,1967,0.709114,
ZAF,SHPRICE,TOT,IDX2015,A,1968,0.9943188,
ZAF,SHPRICE,TOT,IDX2015,A,1969,1.18486,
ZAF,SHPRICE,TOT,IDX2015,A,1970,0.7554218,
ZAF,SHPRICE,TOT,IDX2015,A,1971,0.6894156,
ZAF,SHPRICE,TOT,IDX2015,A,1972,0.9411941,
ZAF,SHPRICE,TOT,IDX2015,A,1973,1.151772,
ZAF,SHPRICE,TOT,IDX2015,A,1974,1.27171,
ZAF,SHPRICE,TOT,IDX2015,A,1975,1.099585,
ZAF,SHPRICE,TOT,IDX2015,A,1976,0.9338689,
ZAF,SHPRICE,TOT,IDX2015,A,1977,0.9064026,
ZAF,SHPRICE,TOT,IDX2015,A,1978,1.110572,
ZAF,SHPRICE,TOT,IDX2015,A,1979,1.55828,
ZAF,SHPRICE,TOT,IDX2015,A,1980,2.59744,
ZAF,SHPRICE,TOT,IDX2015,A,1981,2.348407,
ZAF,SHPRICE,TOT,IDX2015,A,1982,1.974859,
ZAF,SHPRICE,TOT,IDX2015,A,1983,2.764985,
ZAF,SHPRICE,TOT,IDX2015,A,1984,2.853797,
ZAF,SHPRICE,TOT,IDX2015,A,1985,3.071234,
ZAF,SHPRICE,TOT,IDX2015,A,1986,4.166573,
ZAF,SHPRICE,TOT,IDX2015,A,1987,5.63516,
ZAF,SHPRICE,TOT,IDX2015,A,1988,4.233717,
ZAF,SHPRICE,TOT,IDX2015,A,1989,5.659127,
ZAF,SHPRICE,TOT,IDX2015,A,1990,6.19065,
ZAF,SHPRICE,TOT,IDX2015,A,1991,6.627704,
ZAF,SHPRICE,TOT,IDX2015,A,1992,6.979475,
ZAF,SHPRICE,TOT,IDX2015,A,1993,7.989237,
ZAF,SHPRICE,TOT,IDX2015,A,1994,11.2186,
ZAF,SHPRICE,TOT,IDX2015,A,1995,11.51568,
ZAF,SHPRICE,TOT,IDX2015,A,1996,13.89487,
ZAF,SHPRICE,TOT,IDX2015,A,1997,14.3754,
ZAF,SHPRICE,TOT,IDX2015,A,1998,13.60025,
ZAF,SHPRICE,TOT,IDX2015,A,1999,14.36449,
ZAF,SHPRICE,TOT,IDX2015,A,2000,15.24859,
ZAF,SHPRICE,TOT,IDX2015,A,2001,17.0357,
ZAF,SHPRICE,TOT,IDX2015,A,2002,19.89727,
ZAF,SHPRICE,TOT,IDX2015,A,2003,17.15743,
ZAF,SHPRICE,TOT,IDX2015,A,2004,21.2661,
ZAF,SHPRICE,TOT,IDX2015,A,2005,28.46781,
ZAF,SHPRICE,TOT,IDX2015,A,2006,40.95665,
ZAF,SHPRICE,TOT,IDX2015,A,2007,54.49379,
ZAF,SHPRICE,TOT,IDX2015,A,2008,51.8544,
ZAF,SHPRICE,TOT,IDX2015,A,2009,44.93449,
ZAF,SHPRICE,TOT,IDX2015,A,2010,55.11971,
ZAF,SHPRICE,TOT,IDX2015,A,2011,61.01483,
ZAF,SHPRICE,TOT,IDX2015,A,2012,67.73363,
ZAF,SHPRICE,TOT,IDX2015,A,2013,80.60722,
ZAF,SHPRICE,TOT,IDX2015,A,2014,94.83372,
ZAF,SHPRICE,TOT,IDX2015,A,2015,100,
ZAF,SHPRICE,TOT,IDX2015,A,2016,99.2396,
ZAF,SHPRICE,TOT,IDX2015,A,2017,105.6489,
ZAF,SHPRICE,TOT,IDX2015,A,2018,108.7575,
ZAF,SHPRICE,TOT,IDX2015,A,2019,108.3884,
ZAF,SHPRICE,TOT,IDX2015,A,2020,104.3924,
EA19,SHPRICE,TOT,IDX2015,A,1987,26.26248,
EA19,SHPRICE,TOT,IDX2015,A,1988,22.99603,
EA19,SHPRICE,TOT,IDX2015,A,1989,29.40107,
EA19,SHPRICE,TOT,IDX2015,A,1990,30.80645,
EA19,SHPRICE,TOT,IDX2015,A,1991,28.68058,
EA19,SHPRICE,TOT,IDX2015,A,1992,28.67392,
EA19,SHPRICE,TOT,IDX2015,A,1993,32.97291,
EA19,SHPRICE,TOT,IDX2015,A,1994,37.46117,
EA19,SHPRICE,TOT,IDX2015,A,1995,36.64056,
EA19,SHPRICE,TOT,IDX2015,A,1996,42.56624,
EA19,SHPRICE,TOT,IDX2015,A,1997,58.22867,
EA19,SHPRICE,TOT,IDX2015,A,1998,78.65233,
EA19,SHPRICE,TOT,IDX2015,A,1999,91.32528,
EA19,SHPRICE,TOT,IDX2015,A,2000,118.9433,
EA19,SHPRICE,TOT,IDX2015,A,2001,94.34077,
EA19,SHPRICE,TOT,IDX2015,A,2002,73.0299,
EA19,SHPRICE,TOT,IDX2015,A,2003,59.80849,
EA19,SHPRICE,TOT,IDX2015,A,2004,70.48412,
EA19,SHPRICE,TOT,IDX2015,A,2005,82.42458,
EA19,SHPRICE,TOT,IDX2015,A,2006,100.3296,
EA19,SHPRICE,TOT,IDX2015,A,2007,116.8953,
EA19,SHPRICE,TOT,IDX2015,A,2008,88.08178,
EA19,SHPRICE,TOT,IDX2015,A,2009,65.71683,
EA19,SHPRICE,TOT,IDX2015,A,2010,74.54511,
EA19,SHPRICE,TOT,IDX2015,A,2011,72.02015,
EA19,SHPRICE,TOT,IDX2015,A,2012,67.3553,
EA19,SHPRICE,TOT,IDX2015,A,2013,79.09197,
EA19,SHPRICE,TOT,IDX2015,A,2014,89.47021,
EA19,SHPRICE,TOT,IDX2015,A,2015,100,
EA19,SHPRICE,TOT,IDX2015,A,2016,90.29774,
EA19,SHPRICE,TOT,IDX2015,A,2017,105.7847,
EA19,SHPRICE,TOT,IDX2015,A,2018,105.2684,
EA19,SHPRICE,TOT,IDX2015,A,2019,104.92,
EA19,SHPRICE,TOT,IDX2015,A,2020,101.0366,
