"LOCATION","INDICATOR","SUBJECT","MEASURE","FREQUENCY","TIME","Value","Flag Codes"
"AUS","HEALTHEXP","TOT","PC_GDP","A","1971",4.54,
"AUS","HEALTHEXP","TOT","PC_GDP","A","1972",4.539,
"AUS","HEALTHEXP","TOT","PC_GDP","A","1973",4.504,
"AUS","HEALTHEXP","TOT","PC_GDP","A","1974",5.104,
"AUS","HEALTHEXP","TOT","PC_GDP","A","1975",5.75,
"AUS","HEALTHEXP","TOT","PC_GDP","A","1976",5.767,
"AUS","HEALTHEXP","TOT","PC_GDP","A","1977",6.066,
"AUS","HEALTHEXP","TOT","PC_GDP","A","1978",5.928,
"AUS","HEALTHEXP","TOT","PC_GDP","A","1979",5.818,
"AUS","HEALTHEXP","TOT","PC_GDP","A","1980",5.82,
"AUS","HEALTHEXP","TOT","PC_GDP","A","1981",5.829,
"AUS","HEALTHEXP","TOT","PC_GDP","A","1982",6.095,
"AUS","HEALTHEXP","TOT","PC_GDP","A","1983",6.041,
"AUS","HEALTHEXP","TOT","PC_GDP","A","1984",6.012,
"AUS","HEALTHEXP","TOT","PC_GDP","A","1985",6.064,
"AUS","HEALTHEXP","TOT","PC_GDP","A","1986",6.263,
"AUS","HEALTHEXP","TOT","PC_GDP","A","1987",6.101,
"AUS","HEALTHEXP","TOT","PC_GDP","A","1988",6.057,
"AUS","HEALTHEXP","TOT","PC_GDP","A","1989",6.109,
"AUS","HEALTHEXP","TOT","PC_GDP","A","1990",6.468,
"AUS","HEALTHEXP","TOT","PC_GDP","A","1991",6.764,
"AUS","HEALTHEXP","TOT","PC_GDP","A","1992",6.828,
"AUS","HEALTHEXP","TOT","PC_GDP","A","1993",6.844,
"AUS","HEALTHEXP","TOT","PC_GDP","A","1994",6.876,
"AUS","HEALTHEXP","TOT","PC_GDP","A","1995",6.921,
"AUS","HEALTHEXP","TOT","PC_GDP","A","1996",7.062,
"AUS","HEALTHEXP","TOT","PC_GDP","A","1997",7.079,
"AUS","HEALTHEXP","TOT","PC_GDP","A","1998",7.235,"D"
"AUS","HEALTHEXP","TOT","PC_GDP","A","1999",7.324,"D"
"AUS","HEALTHEXP","TOT","PC_GDP","A","2000",7.6,"D"
"AUS","HEALTHEXP","TOT","PC_GDP","A","2001",7.683,"D"
"AUS","HEALTHEXP","TOT","PC_GDP","A","2002",7.878,"D"
"AUS","HEALTHEXP","TOT","PC_GDP","A","2003",7.883,"D"
"AUS","HEALTHEXP","TOT","PC_GDP","A","2004",8.09,"D"
"AUS","HEALTHEXP","TOT","PC_GDP","A","2005",7.974,"D"
"AUS","HEALTHEXP","TOT","PC_GDP","A","2006",7.981,"D"
"AUS","HEALTHEXP","TOT","PC_GDP","A","2007",8.059,"D"
"AUS","HEALTHEXP","TOT","PC_GDP","A","2008",8.254,"D"
"AUS","HEALTHEXP","TOT","PC_GDP","A","2009",8.552,"D"
"AUS","HEALTHEXP","TOT","PC_GDP","A","2010",8.423,"D"
"AUS","HEALTHEXP","TOT","PC_GDP","A","2011",8.54,"D"
"AUS","HEALTHEXP","TOT","PC_GDP","A","2012",8.675,"D"
"AUS","HEALTHEXP","TOT","PC_GDP","A","2013",8.751,"D"
"AUS","HEALTHEXP","TOT","PC_GDP","A","2014",9.848,"B"
"AUS","HEALTHEXP","TOT","PC_GDP","A","2015",10.184,
"AUS","HEALTHEXP","TOT","PC_GDP","A","2016",10.09,
"AUS","HEALTHEXP","TOT","PC_GDP","A","2017",10.126,
"AUS","HEALTHEXP","TOT","PC_GDP","A","2018",10.074,
"AUS","HEALTHEXP","TOT","PC_GDP","A","2019",10.23,
"AUS","HEALTHEXP","TOT","PC_GDP","A","2020",10.646,"E"
"AUT","HEALTHEXP","TOT","PC_GDP","A","1970",4.838,
"AUT","HEALTHEXP","TOT","PC_GDP","A","1971",4.77,
"AUT","HEALTHEXP","TOT","PC_GDP","A","1972",4.765,
"AUT","HEALTHEXP","TOT","PC_GDP","A","1973",4.857,
"AUT","HEALTHEXP","TOT","PC_GDP","A","1974",5.086,
"AUT","HEALTHEXP","TOT","PC_GDP","A","1975",6.507,
"AUT","HEALTHEXP","TOT","PC_GDP","A","1976",6.74,
"AUT","HEALTHEXP","TOT","PC_GDP","A","1977",6.681,
"AUT","HEALTHEXP","TOT","PC_GDP","A","1978",6.949,
"AUT","HEALTHEXP","TOT","PC_GDP","A","1979",6.924,
"AUT","HEALTHEXP","TOT","PC_GDP","A","1980",7.022,
"AUT","HEALTHEXP","TOT","PC_GDP","A","1981",6.024,
"AUT","HEALTHEXP","TOT","PC_GDP","A","1982",5.999,
"AUT","HEALTHEXP","TOT","PC_GDP","A","1983",5.832,
"AUT","HEALTHEXP","TOT","PC_GDP","A","1984",5.879,
"AUT","HEALTHEXP","TOT","PC_GDP","A","1985",6.008,
"AUT","HEALTHEXP","TOT","PC_GDP","A","1986",6.115,
"AUT","HEALTHEXP","TOT","PC_GDP","A","1987",6.405,
"AUT","HEALTHEXP","TOT","PC_GDP","A","1988",6.397,
"AUT","HEALTHEXP","TOT","PC_GDP","A","1989",6.54,
"AUT","HEALTHEXP","TOT","PC_GDP","A","1990",7.718,"B"
"AUT","HEALTHEXP","TOT","PC_GDP","A","1991",7.782,
"AUT","HEALTHEXP","TOT","PC_GDP","A","1992",8.077,
"AUT","HEALTHEXP","TOT","PC_GDP","A","1993",8.601,
"AUT","HEALTHEXP","TOT","PC_GDP","A","1994",8.99,
"AUT","HEALTHEXP","TOT","PC_GDP","A","1995",8.924,
"AUT","HEALTHEXP","TOT","PC_GDP","A","1996",8.884,
"AUT","HEALTHEXP","TOT","PC_GDP","A","1997",8.984,
"AUT","HEALTHEXP","TOT","PC_GDP","A","1998",9.15,
"AUT","HEALTHEXP","TOT","PC_GDP","A","1999",9.302,
"AUT","HEALTHEXP","TOT","PC_GDP","A","2000",9.204,
"AUT","HEALTHEXP","TOT","PC_GDP","A","2001",9.269,
"AUT","HEALTHEXP","TOT","PC_GDP","A","2002",9.395,
"AUT","HEALTHEXP","TOT","PC_GDP","A","2003",9.547,
"AUT","HEALTHEXP","TOT","PC_GDP","A","2004",9.709,"B"
"AUT","HEALTHEXP","TOT","PC_GDP","A","2005",9.627,
"AUT","HEALTHEXP","TOT","PC_GDP","A","2006",9.531,
"AUT","HEALTHEXP","TOT","PC_GDP","A","2007",9.532,
"AUT","HEALTHEXP","TOT","PC_GDP","A","2008",9.726,
"AUT","HEALTHEXP","TOT","PC_GDP","A","2009",10.226,
"AUT","HEALTHEXP","TOT","PC_GDP","A","2010",10.221,
"AUT","HEALTHEXP","TOT","PC_GDP","A","2011",10.026,
"AUT","HEALTHEXP","TOT","PC_GDP","A","2012",10.199,
"AUT","HEALTHEXP","TOT","PC_GDP","A","2013",10.286,
"AUT","HEALTHEXP","TOT","PC_GDP","A","2014",10.368,
"AUT","HEALTHEXP","TOT","PC_GDP","A","2015",10.368,
"AUT","HEALTHEXP","TOT","PC_GDP","A","2016",10.352,
"AUT","HEALTHEXP","TOT","PC_GDP","A","2017",10.384,
"AUT","HEALTHEXP","TOT","PC_GDP","A","2018",10.345,
"AUT","HEALTHEXP","TOT","PC_GDP","A","2019",10.475,
"AUT","HEALTHEXP","TOT","PC_GDP","A","2020",11.474,
"AUT","HEALTHEXP","TOT","PC_GDP","A","2021",12.154,"P"
"BEL","HEALTHEXP","TOT","PC_GDP","A","1970",3.856,"D"
"BEL","HEALTHEXP","TOT","PC_GDP","A","1971",3.943,"D"
"BEL","HEALTHEXP","TOT","PC_GDP","A","1972",4.098,"D"
"BEL","HEALTHEXP","TOT","PC_GDP","A","1973",4.378,"D"
"BEL","HEALTHEXP","TOT","PC_GDP","A","1974",4.443,"D"
"BEL","HEALTHEXP","TOT","PC_GDP","A","1975",5.547,"D"
"BEL","HEALTHEXP","TOT","PC_GDP","A","1976",5.755,"D"
"BEL","HEALTHEXP","TOT","PC_GDP","A","1977",6.226,"D"
"BEL","HEALTHEXP","TOT","PC_GDP","A","1978",6.416,"D"
"BEL","HEALTHEXP","TOT","PC_GDP","A","1979",6.398,"D"
"BEL","HEALTHEXP","TOT","PC_GDP","A","1980",6.181,"D"
"BEL","HEALTHEXP","TOT","PC_GDP","A","1981",6.596,"D"
"BEL","HEALTHEXP","TOT","PC_GDP","A","1982",6.824,"D"
"BEL","HEALTHEXP","TOT","PC_GDP","A","1983",6.991,"D"
"BEL","HEALTHEXP","TOT","PC_GDP","A","1984",6.833,"D"
"BEL","HEALTHEXP","TOT","PC_GDP","A","1985",6.883,"D"
"BEL","HEALTHEXP","TOT","PC_GDP","A","1986",7.054,"D"
"BEL","HEALTHEXP","TOT","PC_GDP","A","1987",7.162,"D"
"BEL","HEALTHEXP","TOT","PC_GDP","A","1988",7.161,"D"
"BEL","HEALTHEXP","TOT","PC_GDP","A","1989",7.104,"D"
"BEL","HEALTHEXP","TOT","PC_GDP","A","1990",7.147,"D"
"BEL","HEALTHEXP","TOT","PC_GDP","A","1991",7.459,"D"
"BEL","HEALTHEXP","TOT","PC_GDP","A","1992",7.639,"D"
"BEL","HEALTHEXP","TOT","PC_GDP","A","1993",7.763,"D"
"BEL","HEALTHEXP","TOT","PC_GDP","A","1994",7.56,"D"
"BEL","HEALTHEXP","TOT","PC_GDP","A","1995",7.519,"B"
"BEL","HEALTHEXP","TOT","PC_GDP","A","1996",7.814,
"BEL","HEALTHEXP","TOT","PC_GDP","A","1997",7.675,
"BEL","HEALTHEXP","TOT","PC_GDP","A","1998",7.797,
"BEL","HEALTHEXP","TOT","PC_GDP","A","1999",7.963,
"BEL","HEALTHEXP","TOT","PC_GDP","A","2000",7.999,
"BEL","HEALTHEXP","TOT","PC_GDP","A","2001",8.15,
"BEL","HEALTHEXP","TOT","PC_GDP","A","2002",8.318,
"BEL","HEALTHEXP","TOT","PC_GDP","A","2003",9.164,"B"
"BEL","HEALTHEXP","TOT","PC_GDP","A","2004",9.328,
"BEL","HEALTHEXP","TOT","PC_GDP","A","2005",9.224,
"BEL","HEALTHEXP","TOT","PC_GDP","A","2006",9.13,
"BEL","HEALTHEXP","TOT","PC_GDP","A","2007",9.136,
"BEL","HEALTHEXP","TOT","PC_GDP","A","2008",9.595,
"BEL","HEALTHEXP","TOT","PC_GDP","A","2009",10.321,
"BEL","HEALTHEXP","TOT","PC_GDP","A","2010",10.202,
"BEL","HEALTHEXP","TOT","PC_GDP","A","2011",10.363,
"BEL","HEALTHEXP","TOT","PC_GDP","A","2012",10.48,
"BEL","HEALTHEXP","TOT","PC_GDP","A","2013",10.549,
"BEL","HEALTHEXP","TOT","PC_GDP","A","2014",10.575,
"BEL","HEALTHEXP","TOT","PC_GDP","A","2015",10.774,
"BEL","HEALTHEXP","TOT","PC_GDP","A","2016",10.763,
"BEL","HEALTHEXP","TOT","PC_GDP","A","2017",10.752,
"BEL","HEALTHEXP","TOT","PC_GDP","A","2018",10.788,
"BEL","HEALTHEXP","TOT","PC_GDP","A","2019",10.664,
"BEL","HEALTHEXP","TOT","PC_GDP","A","2020",10.793,
"CAN","HEALTHEXP","TOT","PC_GDP","A","1970",6.353,
"CAN","HEALTHEXP","TOT","PC_GDP","A","1971",6.611,
"CAN","HEALTHEXP","TOT","PC_GDP","A","1972",6.528,
"CAN","HEALTHEXP","TOT","PC_GDP","A","1973",6.207,
"CAN","HEALTHEXP","TOT","PC_GDP","A","1974",6.091,
"CAN","HEALTHEXP","TOT","PC_GDP","A","1975",6.538,"B"
"CAN","HEALTHEXP","TOT","PC_GDP","A","1976",6.574,
"CAN","HEALTHEXP","TOT","PC_GDP","A","1977",6.553,
"CAN","HEALTHEXP","TOT","PC_GDP","A","1978",6.526,
"CAN","HEALTHEXP","TOT","PC_GDP","A","1979",6.414,
"CAN","HEALTHEXP","TOT","PC_GDP","A","1980",6.588,
"CAN","HEALTHEXP","TOT","PC_GDP","A","1981",6.789,
"CAN","HEALTHEXP","TOT","PC_GDP","A","1982",7.522,
"CAN","HEALTHEXP","TOT","PC_GDP","A","1983",7.694,
"CAN","HEALTHEXP","TOT","PC_GDP","A","1984",7.58,
"CAN","HEALTHEXP","TOT","PC_GDP","A","1985",7.588,
"CAN","HEALTHEXP","TOT","PC_GDP","A","1986",7.83,
"CAN","HEALTHEXP","TOT","PC_GDP","A","1987",7.771,
"CAN","HEALTHEXP","TOT","PC_GDP","A","1988",7.769,
"CAN","HEALTHEXP","TOT","PC_GDP","A","1989",7.976,
"CAN","HEALTHEXP","TOT","PC_GDP","A","1990",8.394,
"CAN","HEALTHEXP","TOT","PC_GDP","A","1991",9.081,
"CAN","HEALTHEXP","TOT","PC_GDP","A","1992",9.332,
"CAN","HEALTHEXP","TOT","PC_GDP","A","1993",9.216,
"CAN","HEALTHEXP","TOT","PC_GDP","A","1994",8.862,
"CAN","HEALTHEXP","TOT","PC_GDP","A","1995",8.559,
"CAN","HEALTHEXP","TOT","PC_GDP","A","1996",8.363,
"CAN","HEALTHEXP","TOT","PC_GDP","A","1997",8.318,
"CAN","HEALTHEXP","TOT","PC_GDP","A","1998",8.547,
"CAN","HEALTHEXP","TOT","PC_GDP","A","1999",8.329,
"CAN","HEALTHEXP","TOT","PC_GDP","A","2000",8.248,
"CAN","HEALTHEXP","TOT","PC_GDP","A","2001",8.625,
"CAN","HEALTHEXP","TOT","PC_GDP","A","2002",8.857,
"CAN","HEALTHEXP","TOT","PC_GDP","A","2003",9.011,
"CAN","HEALTHEXP","TOT","PC_GDP","A","2004",9.066,
"CAN","HEALTHEXP","TOT","PC_GDP","A","2005",9.035,
"CAN","HEALTHEXP","TOT","PC_GDP","A","2006",9.342,
"CAN","HEALTHEXP","TOT","PC_GDP","A","2007",9.445,
"CAN","HEALTHEXP","TOT","PC_GDP","A","2008",9.608,
"CAN","HEALTHEXP","TOT","PC_GDP","A","2009",10.719,
"CAN","HEALTHEXP","TOT","PC_GDP","A","2010",10.702,
"CAN","HEALTHEXP","TOT","PC_GDP","A","2011",10.408,
"CAN","HEALTHEXP","TOT","PC_GDP","A","2012",10.515,
"CAN","HEALTHEXP","TOT","PC_GDP","A","2013",10.415,
"CAN","HEALTHEXP","TOT","PC_GDP","A","2014",10.258,
"CAN","HEALTHEXP","TOT","PC_GDP","A","2015",10.744,
"CAN","HEALTHEXP","TOT","PC_GDP","A","2016",11.033,
"CAN","HEALTHEXP","TOT","PC_GDP","A","2017",10.862,
"CAN","HEALTHEXP","TOT","PC_GDP","A","2018",10.846,
"CAN","HEALTHEXP","TOT","PC_GDP","A","2019",10.95,
"CAN","HEALTHEXP","TOT","PC_GDP","A","2020",12.94,
"CAN","HEALTHEXP","TOT","PC_GDP","A","2021",11.665,
"CZE","HEALTHEXP","TOT","PC_GDP","A","1990",3.713,
"CZE","HEALTHEXP","TOT","PC_GDP","A","1991",3.848,
"CZE","HEALTHEXP","TOT","PC_GDP","A","1992",3.971,
"CZE","HEALTHEXP","TOT","PC_GDP","A","1993",5.318,
"CZE","HEALTHEXP","TOT","PC_GDP","A","1994",5.479,
"CZE","HEALTHEXP","TOT","PC_GDP","A","1995",5.701,"B"
"CZE","HEALTHEXP","TOT","PC_GDP","A","1996",5.586,
"CZE","HEALTHEXP","TOT","PC_GDP","A","1997",5.596,
"CZE","HEALTHEXP","TOT","PC_GDP","A","1998",5.593,
"CZE","HEALTHEXP","TOT","PC_GDP","A","1999",5.769,
"CZE","HEALTHEXP","TOT","PC_GDP","A","2000",5.701,"B"
"CZE","HEALTHEXP","TOT","PC_GDP","A","2001",5.863,
"CZE","HEALTHEXP","TOT","PC_GDP","A","2002",6.177,
"CZE","HEALTHEXP","TOT","PC_GDP","A","2003",6.524,"B"
"CZE","HEALTHEXP","TOT","PC_GDP","A","2004",6.351,
"CZE","HEALTHEXP","TOT","PC_GDP","A","2005",6.341,
"CZE","HEALTHEXP","TOT","PC_GDP","A","2006",6.164,
"CZE","HEALTHEXP","TOT","PC_GDP","A","2007",5.986,
"CZE","HEALTHEXP","TOT","PC_GDP","A","2008",6.33,
"CZE","HEALTHEXP","TOT","PC_GDP","A","2009",7.249,
"CZE","HEALTHEXP","TOT","PC_GDP","A","2010",6.875,
"CZE","HEALTHEXP","TOT","PC_GDP","A","2011",6.928,
"CZE","HEALTHEXP","TOT","PC_GDP","A","2012",6.979,
"CZE","HEALTHEXP","TOT","PC_GDP","A","2013",7.722,"B"
"CZE","HEALTHEXP","TOT","PC_GDP","A","2014",7.597,
"CZE","HEALTHEXP","TOT","PC_GDP","A","2015",7.196,
"CZE","HEALTHEXP","TOT","PC_GDP","A","2016",7.107,
"CZE","HEALTHEXP","TOT","PC_GDP","A","2017",7.381,
"CZE","HEALTHEXP","TOT","PC_GDP","A","2018",7.472,
"CZE","HEALTHEXP","TOT","PC_GDP","A","2019",7.605,
"CZE","HEALTHEXP","TOT","PC_GDP","A","2020",9.24,
"DNK","HEALTHEXP","TOT","PC_GDP","A","1971",7.677,"D"
"DNK","HEALTHEXP","TOT","PC_GDP","A","1972",7.768,"D"
"DNK","HEALTHEXP","TOT","PC_GDP","A","1973",7.585,"D"
"DNK","HEALTHEXP","TOT","PC_GDP","A","1974",8.291,"D"
"DNK","HEALTHEXP","TOT","PC_GDP","A","1975",8.536,"D"
"DNK","HEALTHEXP","TOT","PC_GDP","A","1976",8.441,"D"
"DNK","HEALTHEXP","TOT","PC_GDP","A","1977",8.259,"D"
"DNK","HEALTHEXP","TOT","PC_GDP","A","1978",8.377,"D"
"DNK","HEALTHEXP","TOT","PC_GDP","A","1979",8.474,"D"
"DNK","HEALTHEXP","TOT","PC_GDP","A","1980",8.416,
"DNK","HEALTHEXP","TOT","PC_GDP","A","1981",8.575,
"DNK","HEALTHEXP","TOT","PC_GDP","A","1982",8.624,
"DNK","HEALTHEXP","TOT","PC_GDP","A","1983",8.418,
"DNK","HEALTHEXP","TOT","PC_GDP","A","1984",7.97,
"DNK","HEALTHEXP","TOT","PC_GDP","A","1985",7.947,
"DNK","HEALTHEXP","TOT","PC_GDP","A","1986",7.734,
"DNK","HEALTHEXP","TOT","PC_GDP","A","1987",8.054,
"DNK","HEALTHEXP","TOT","PC_GDP","A","1988",8.191,
"DNK","HEALTHEXP","TOT","PC_GDP","A","1989",8.061,
"DNK","HEALTHEXP","TOT","PC_GDP","A","1990",8.038,
"DNK","HEALTHEXP","TOT","PC_GDP","A","1991",7.94,
"DNK","HEALTHEXP","TOT","PC_GDP","A","1992",7.956,
"DNK","HEALTHEXP","TOT","PC_GDP","A","1993",8.289,
"DNK","HEALTHEXP","TOT","PC_GDP","A","1994",8.077,
"DNK","HEALTHEXP","TOT","PC_GDP","A","1995",7.771,
"DNK","HEALTHEXP","TOT","PC_GDP","A","1996",7.839,
"DNK","HEALTHEXP","TOT","PC_GDP","A","1997",7.75,
"DNK","HEALTHEXP","TOT","PC_GDP","A","1998",7.552,
"DNK","HEALTHEXP","TOT","PC_GDP","A","1999",8.342,
"DNK","HEALTHEXP","TOT","PC_GDP","A","2000",8.104,
"DNK","HEALTHEXP","TOT","PC_GDP","A","2001",8.448,
"DNK","HEALTHEXP","TOT","PC_GDP","A","2002",8.703,
"DNK","HEALTHEXP","TOT","PC_GDP","A","2003",8.904,"B"
"DNK","HEALTHEXP","TOT","PC_GDP","A","2004",9.007,
"DNK","HEALTHEXP","TOT","PC_GDP","A","2005",9.091,
"DNK","HEALTHEXP","TOT","PC_GDP","A","2006",9.169,
"DNK","HEALTHEXP","TOT","PC_GDP","A","2007",9.325,
"DNK","HEALTHEXP","TOT","PC_GDP","A","2008",9.511,
"DNK","HEALTHEXP","TOT","PC_GDP","A","2009",10.674,
"DNK","HEALTHEXP","TOT","PC_GDP","A","2010",10.608,"B"
"DNK","HEALTHEXP","TOT","PC_GDP","A","2011",10.407,
"DNK","HEALTHEXP","TOT","PC_GDP","A","2012",10.522,
"DNK","HEALTHEXP","TOT","PC_GDP","A","2013",10.329,
"DNK","HEALTHEXP","TOT","PC_GDP","A","2014",10.309,
"DNK","HEALTHEXP","TOT","PC_GDP","A","2015",10.344,
"DNK","HEALTHEXP","TOT","PC_GDP","A","2016",10.252,
"DNK","HEALTHEXP","TOT","PC_GDP","A","2017",10.098,
"DNK","HEALTHEXP","TOT","PC_GDP","A","2018",10.098,
"DNK","HEALTHEXP","TOT","PC_GDP","A","2019",10.121,
"DNK","HEALTHEXP","TOT","PC_GDP","A","2020",10.528,
"DNK","HEALTHEXP","TOT","PC_GDP","A","2021",10.846,"P"
"FIN","HEALTHEXP","TOT","PC_GDP","A","1970",4.989,
"FIN","HEALTHEXP","TOT","PC_GDP","A","1971",5.29,
"FIN","HEALTHEXP","TOT","PC_GDP","A","1972",5.385,
"FIN","HEALTHEXP","TOT","PC_GDP","A","1973",5.234,
"FIN","HEALTHEXP","TOT","PC_GDP","A","1974",5.172,
"FIN","HEALTHEXP","TOT","PC_GDP","A","1975",5.654,
"FIN","HEALTHEXP","TOT","PC_GDP","A","1976",5.993,
"FIN","HEALTHEXP","TOT","PC_GDP","A","1977",6.196,
"FIN","HEALTHEXP","TOT","PC_GDP","A","1978",6.136,
"FIN","HEALTHEXP","TOT","PC_GDP","A","1979",5.989,
"FIN","HEALTHEXP","TOT","PC_GDP","A","1980",5.916,
"FIN","HEALTHEXP","TOT","PC_GDP","A","1981",6.04,
"FIN","HEALTHEXP","TOT","PC_GDP","A","1982",6.133,
"FIN","HEALTHEXP","TOT","PC_GDP","A","1983",6.222,
"FIN","HEALTHEXP","TOT","PC_GDP","A","1984",6.266,
"FIN","HEALTHEXP","TOT","PC_GDP","A","1985",6.658,
"FIN","HEALTHEXP","TOT","PC_GDP","A","1986",6.758,
"FIN","HEALTHEXP","TOT","PC_GDP","A","1987",6.897,
"FIN","HEALTHEXP","TOT","PC_GDP","A","1988",6.703,
"FIN","HEALTHEXP","TOT","PC_GDP","A","1989",6.743,
"FIN","HEALTHEXP","TOT","PC_GDP","A","1990",7.253,
"FIN","HEALTHEXP","TOT","PC_GDP","A","1991",8.32,
"FIN","HEALTHEXP","TOT","PC_GDP","A","1992",8.521,
"FIN","HEALTHEXP","TOT","PC_GDP","A","1993",7.833,"B"
"FIN","HEALTHEXP","TOT","PC_GDP","A","1994",7.285,
"FIN","HEALTHEXP","TOT","PC_GDP","A","1995",7.355,
"FIN","HEALTHEXP","TOT","PC_GDP","A","1996",7.474,
"FIN","HEALTHEXP","TOT","PC_GDP","A","1997",7.128,
"FIN","HEALTHEXP","TOT","PC_GDP","A","1998",6.818,
"FIN","HEALTHEXP","TOT","PC_GDP","A","1999",6.798,
"FIN","HEALTHEXP","TOT","PC_GDP","A","2000",7.093,
"FIN","HEALTHEXP","TOT","PC_GDP","A","2001",7.251,
"FIN","HEALTHEXP","TOT","PC_GDP","A","2002",7.628,
"FIN","HEALTHEXP","TOT","PC_GDP","A","2003",7.938,
"FIN","HEALTHEXP","TOT","PC_GDP","A","2004",8.059,
"FIN","HEALTHEXP","TOT","PC_GDP","A","2005",8.288,
"FIN","HEALTHEXP","TOT","PC_GDP","A","2006",8.284,
"FIN","HEALTHEXP","TOT","PC_GDP","A","2007",8.084,
"FIN","HEALTHEXP","TOT","PC_GDP","A","2008",8.343,
"FIN","HEALTHEXP","TOT","PC_GDP","A","2009",9.161,
"FIN","HEALTHEXP","TOT","PC_GDP","A","2010",9.142,
"FIN","HEALTHEXP","TOT","PC_GDP","A","2011",9.223,
"FIN","HEALTHEXP","TOT","PC_GDP","A","2012",9.586,
"FIN","HEALTHEXP","TOT","PC_GDP","A","2013",9.805,
"FIN","HEALTHEXP","TOT","PC_GDP","A","2014",9.781,
"FIN","HEALTHEXP","TOT","PC_GDP","A","2015",9.645,"B"
"FIN","HEALTHEXP","TOT","PC_GDP","A","2016",9.378,
"FIN","HEALTHEXP","TOT","PC_GDP","A","2017",9.127,
"FIN","HEALTHEXP","TOT","PC_GDP","A","2018",9.042,
"FIN","HEALTHEXP","TOT","PC_GDP","A","2019",9.169,
"FIN","HEALTHEXP","TOT","PC_GDP","A","2020",9.532,
"FRA","HEALTHEXP","TOT","PC_GDP","A","1970",5.201,
"FRA","HEALTHEXP","TOT","PC_GDP","A","1975",6.156,
"FRA","HEALTHEXP","TOT","PC_GDP","A","1980",6.759,
"FRA","HEALTHEXP","TOT","PC_GDP","A","1985",7.671,
"FRA","HEALTHEXP","TOT","PC_GDP","A","1990",7.997,
"FRA","HEALTHEXP","TOT","PC_GDP","A","1991",8.221,
"FRA","HEALTHEXP","TOT","PC_GDP","A","1992",8.446,
"FRA","HEALTHEXP","TOT","PC_GDP","A","1993",8.857,
"FRA","HEALTHEXP","TOT","PC_GDP","A","1994",8.841,
"FRA","HEALTHEXP","TOT","PC_GDP","A","1995",9.884,"B"
"FRA","HEALTHEXP","TOT","PC_GDP","A","1996",9.886,
"FRA","HEALTHEXP","TOT","PC_GDP","A","1997",9.761,
"FRA","HEALTHEXP","TOT","PC_GDP","A","1998",9.659,
"FRA","HEALTHEXP","TOT","PC_GDP","A","1999",9.66,
"FRA","HEALTHEXP","TOT","PC_GDP","A","2000",9.584,
"FRA","HEALTHEXP","TOT","PC_GDP","A","2001",9.706,
"FRA","HEALTHEXP","TOT","PC_GDP","A","2002",10.022,
"FRA","HEALTHEXP","TOT","PC_GDP","A","2003",10.083,"B"
"FRA","HEALTHEXP","TOT","PC_GDP","A","2004",10.164,
"FRA","HEALTHEXP","TOT","PC_GDP","A","2005",10.215,
"FRA","HEALTHEXP","TOT","PC_GDP","A","2006",10.386,"B"
"FRA","HEALTHEXP","TOT","PC_GDP","A","2007",10.316,
"FRA","HEALTHEXP","TOT","PC_GDP","A","2008",10.501,
"FRA","HEALTHEXP","TOT","PC_GDP","A","2009",11.288,
"FRA","HEALTHEXP","TOT","PC_GDP","A","2010",11.226,
"FRA","HEALTHEXP","TOT","PC_GDP","A","2011",11.185,
"FRA","HEALTHEXP","TOT","PC_GDP","A","2012",11.297,
"FRA","HEALTHEXP","TOT","PC_GDP","A","2013",11.405,"B"
"FRA","HEALTHEXP","TOT","PC_GDP","A","2014",11.534,
"FRA","HEALTHEXP","TOT","PC_GDP","A","2015",11.441,
"FRA","HEALTHEXP","TOT","PC_GDP","A","2016",11.485,
"FRA","HEALTHEXP","TOT","PC_GDP","A","2017",11.358,
"FRA","HEALTHEXP","TOT","PC_GDP","A","2018",11.213,
"FRA","HEALTHEXP","TOT","PC_GDP","A","2019",11.098,
"FRA","HEALTHEXP","TOT","PC_GDP","A","2020",12.205,
"DEU","HEALTHEXP","TOT","PC_GDP","A","1970",5.713,
"DEU","HEALTHEXP","TOT","PC_GDP","A","1971",6.185,
"DEU","HEALTHEXP","TOT","PC_GDP","A","1972",6.509,
"DEU","HEALTHEXP","TOT","PC_GDP","A","1973",6.828,
"DEU","HEALTHEXP","TOT","PC_GDP","A","1974",7.353,
"DEU","HEALTHEXP","TOT","PC_GDP","A","1975",8.017,
"DEU","HEALTHEXP","TOT","PC_GDP","A","1976",8.038,
"DEU","HEALTHEXP","TOT","PC_GDP","A","1977",7.971,
"DEU","HEALTHEXP","TOT","PC_GDP","A","1978",8.046,
"DEU","HEALTHEXP","TOT","PC_GDP","A","1979",7.899,
"DEU","HEALTHEXP","TOT","PC_GDP","A","1980",8.098,
"DEU","HEALTHEXP","TOT","PC_GDP","A","1981",8.397,
"DEU","HEALTHEXP","TOT","PC_GDP","A","1982",8.228,
"DEU","HEALTHEXP","TOT","PC_GDP","A","1983",8.22,
"DEU","HEALTHEXP","TOT","PC_GDP","A","1984",8.336,
"DEU","HEALTHEXP","TOT","PC_GDP","A","1985",8.481,
"DEU","HEALTHEXP","TOT","PC_GDP","A","1986",8.376,
"DEU","HEALTHEXP","TOT","PC_GDP","A","1987",8.48,
"DEU","HEALTHEXP","TOT","PC_GDP","A","1988",8.66,
"DEU","HEALTHEXP","TOT","PC_GDP","A","1989",8.063,
"DEU","HEALTHEXP","TOT","PC_GDP","A","1990",8.031,
"DEU","HEALTHEXP","TOT","PC_GDP","A","1992",8.994,"B"
"DEU","HEALTHEXP","TOT","PC_GDP","A","1993",8.987,
"DEU","HEALTHEXP","TOT","PC_GDP","A","1994",9.238,
"DEU","HEALTHEXP","TOT","PC_GDP","A","1995",9.531,
"DEU","HEALTHEXP","TOT","PC_GDP","A","1996",9.825,
"DEU","HEALTHEXP","TOT","PC_GDP","A","1997",9.717,
"DEU","HEALTHEXP","TOT","PC_GDP","A","1998",9.729,
"DEU","HEALTHEXP","TOT","PC_GDP","A","1999",9.807,
"DEU","HEALTHEXP","TOT","PC_GDP","A","2000",9.888,
"DEU","HEALTHEXP","TOT","PC_GDP","A","2001",9.921,
"DEU","HEALTHEXP","TOT","PC_GDP","A","2002",10.184,
"DEU","HEALTHEXP","TOT","PC_GDP","A","2003",10.402,
"DEU","HEALTHEXP","TOT","PC_GDP","A","2004",10.146,
"DEU","HEALTHEXP","TOT","PC_GDP","A","2005",10.312,
"DEU","HEALTHEXP","TOT","PC_GDP","A","2006",10.18,
"DEU","HEALTHEXP","TOT","PC_GDP","A","2007",10.051,
"DEU","HEALTHEXP","TOT","PC_GDP","A","2008",10.251,
"DEU","HEALTHEXP","TOT","PC_GDP","A","2009",11.238,
"DEU","HEALTHEXP","TOT","PC_GDP","A","2010",11.096,
"DEU","HEALTHEXP","TOT","PC_GDP","A","2011",10.778,
"DEU","HEALTHEXP","TOT","PC_GDP","A","2012",10.853,
"DEU","HEALTHEXP","TOT","PC_GDP","A","2013",10.998,
"DEU","HEALTHEXP","TOT","PC_GDP","A","2014",11.022,
"DEU","HEALTHEXP","TOT","PC_GDP","A","2015",11.184,
"DEU","HEALTHEXP","TOT","PC_GDP","A","2016",11.233,
"DEU","HEALTHEXP","TOT","PC_GDP","A","2017",11.324,
"DEU","HEALTHEXP","TOT","PC_GDP","A","2018",11.457,
"DEU","HEALTHEXP","TOT","PC_GDP","A","2019",11.696,
"DEU","HEALTHEXP","TOT","PC_GDP","A","2020",12.822,
"DEU","HEALTHEXP","TOT","PC_GDP","A","2021",12.805,"P"
"GRC","HEALTHEXP","TOT","PC_GDP","A","1988",5.484,
"GRC","HEALTHEXP","TOT","PC_GDP","A","1989",6.013,
"GRC","HEALTHEXP","TOT","PC_GDP","A","1990",6.07,
"GRC","HEALTHEXP","TOT","PC_GDP","A","1991",5.923,
"GRC","HEALTHEXP","TOT","PC_GDP","A","1992",6.48,
"GRC","HEALTHEXP","TOT","PC_GDP","A","1993",7.271,
"GRC","HEALTHEXP","TOT","PC_GDP","A","1994",7.978,
"GRC","HEALTHEXP","TOT","PC_GDP","A","1995",7.974,
"GRC","HEALTHEXP","TOT","PC_GDP","A","1996",7.878,
"GRC","HEALTHEXP","TOT","PC_GDP","A","1997",7.694,
"GRC","HEALTHEXP","TOT","PC_GDP","A","1998",7.578,
"GRC","HEALTHEXP","TOT","PC_GDP","A","1999",7.762,
"GRC","HEALTHEXP","TOT","PC_GDP","A","2000",7.243,
"GRC","HEALTHEXP","TOT","PC_GDP","A","2001",7.988,
"GRC","HEALTHEXP","TOT","PC_GDP","A","2002",8.234,
"GRC","HEALTHEXP","TOT","PC_GDP","A","2003",8.449,"B"
"GRC","HEALTHEXP","TOT","PC_GDP","A","2004",8.094,
"GRC","HEALTHEXP","TOT","PC_GDP","A","2005",8.565,
"GRC","HEALTHEXP","TOT","PC_GDP","A","2006",8.259,
"GRC","HEALTHEXP","TOT","PC_GDP","A","2007",8.398,
"GRC","HEALTHEXP","TOT","PC_GDP","A","2008",8.828,
"GRC","HEALTHEXP","TOT","PC_GDP","A","2009",9.407,
"GRC","HEALTHEXP","TOT","PC_GDP","A","2010",9.597,
"GRC","HEALTHEXP","TOT","PC_GDP","A","2011",9.193,
"GRC","HEALTHEXP","TOT","PC_GDP","A","2012",8.924,
"GRC","HEALTHEXP","TOT","PC_GDP","A","2013",8.438,
"GRC","HEALTHEXP","TOT","PC_GDP","A","2014",7.891,
"GRC","HEALTHEXP","TOT","PC_GDP","A","2015",8.22,
"GRC","HEALTHEXP","TOT","PC_GDP","A","2016",8.449,
"GRC","HEALTHEXP","TOT","PC_GDP","A","2017",8.135,
"GRC","HEALTHEXP","TOT","PC_GDP","A","2018",8.12,
"GRC","HEALTHEXP","TOT","PC_GDP","A","2019",8.203,
"GRC","HEALTHEXP","TOT","PC_GDP","A","2020",9.508,
"HUN","HEALTHEXP","TOT","PC_GDP","A","1991",6.357,
"HUN","HEALTHEXP","TOT","PC_GDP","A","1992",6.845,
"HUN","HEALTHEXP","TOT","PC_GDP","A","1993",6.91,
"HUN","HEALTHEXP","TOT","PC_GDP","A","1994",7.385,
"HUN","HEALTHEXP","TOT","PC_GDP","A","1995",6.725,
"HUN","HEALTHEXP","TOT","PC_GDP","A","1996",6.643,
"HUN","HEALTHEXP","TOT","PC_GDP","A","1997",6.304,
"HUN","HEALTHEXP","TOT","PC_GDP","A","1998",6.675,"B"
"HUN","HEALTHEXP","TOT","PC_GDP","A","1999",6.884,
"HUN","HEALTHEXP","TOT","PC_GDP","A","2000",6.778,
"HUN","HEALTHEXP","TOT","PC_GDP","A","2001",6.826,
"HUN","HEALTHEXP","TOT","PC_GDP","A","2002",7.121,
"HUN","HEALTHEXP","TOT","PC_GDP","A","2003",8.119,"B"
"HUN","HEALTHEXP","TOT","PC_GDP","A","2004",7.757,
"HUN","HEALTHEXP","TOT","PC_GDP","A","2005",7.983,
"HUN","HEALTHEXP","TOT","PC_GDP","A","2006",7.776,
"HUN","HEALTHEXP","TOT","PC_GDP","A","2007",7.202,
"HUN","HEALTHEXP","TOT","PC_GDP","A","2008",7.086,
"HUN","HEALTHEXP","TOT","PC_GDP","A","2009",7.22,
"HUN","HEALTHEXP","TOT","PC_GDP","A","2010",7.445,
"HUN","HEALTHEXP","TOT","PC_GDP","A","2011",7.478,
"HUN","HEALTHEXP","TOT","PC_GDP","A","2012",7.408,
"HUN","HEALTHEXP","TOT","PC_GDP","A","2013",7.232,
"HUN","HEALTHEXP","TOT","PC_GDP","A","2014",7.044,
"HUN","HEALTHEXP","TOT","PC_GDP","A","2015",6.852,
"HUN","HEALTHEXP","TOT","PC_GDP","A","2016",6.986,
"HUN","HEALTHEXP","TOT","PC_GDP","A","2017",6.738,
"HUN","HEALTHEXP","TOT","PC_GDP","A","2018",6.575,
"HUN","HEALTHEXP","TOT","PC_GDP","A","2019",6.297,
"HUN","HEALTHEXP","TOT","PC_GDP","A","2020",7.25,
"ISL","HEALTHEXP","TOT","PC_GDP","A","1970",4.66,"D"
"ISL","HEALTHEXP","TOT","PC_GDP","A","1971",5.093,"D"
"ISL","HEALTHEXP","TOT","PC_GDP","A","1972",4.993,"D"
"ISL","HEALTHEXP","TOT","PC_GDP","A","1973",4.575,"D"
"ISL","HEALTHEXP","TOT","PC_GDP","A","1974",5.223,"D"
"ISL","HEALTHEXP","TOT","PC_GDP","A","1975",5.642,"D"
"ISL","HEALTHEXP","TOT","PC_GDP","A","1976",5.294,"D"
"ISL","HEALTHEXP","TOT","PC_GDP","A","1977",5.241,"D"
"ISL","HEALTHEXP","TOT","PC_GDP","A","1978",5.639,"D"
"ISL","HEALTHEXP","TOT","PC_GDP","A","1979",6.373,"D"
"ISL","HEALTHEXP","TOT","PC_GDP","A","1980",5.902,"B"
"ISL","HEALTHEXP","TOT","PC_GDP","A","1981",6.03,
"ISL","HEALTHEXP","TOT","PC_GDP","A","1982",6.317,
"ISL","HEALTHEXP","TOT","PC_GDP","A","1983",6.926,
"ISL","HEALTHEXP","TOT","PC_GDP","A","1984",6.529,
"ISL","HEALTHEXP","TOT","PC_GDP","A","1985",6.762,
"ISL","HEALTHEXP","TOT","PC_GDP","A","1986",7.216,
"ISL","HEALTHEXP","TOT","PC_GDP","A","1987",7.391,
"ISL","HEALTHEXP","TOT","PC_GDP","A","1988",7.973,
"ISL","HEALTHEXP","TOT","PC_GDP","A","1989",7.795,
"ISL","HEALTHEXP","TOT","PC_GDP","A","1990",7.445,
"ISL","HEALTHEXP","TOT","PC_GDP","A","1991",7.622,
"ISL","HEALTHEXP","TOT","PC_GDP","A","1992",7.823,
"ISL","HEALTHEXP","TOT","PC_GDP","A","1993",7.912,
"ISL","HEALTHEXP","TOT","PC_GDP","A","1994",7.737,
"ISL","HEALTHEXP","TOT","PC_GDP","A","1995",7.861,
"ISL","HEALTHEXP","TOT","PC_GDP","A","1996",7.912,
"ISL","HEALTHEXP","TOT","PC_GDP","A","1997",7.765,
"ISL","HEALTHEXP","TOT","PC_GDP","A","1998",8.463,
"ISL","HEALTHEXP","TOT","PC_GDP","A","1999",8.849,
"ISL","HEALTHEXP","TOT","PC_GDP","A","2000",8.899,"B"
"ISL","HEALTHEXP","TOT","PC_GDP","A","2001",8.753,
"ISL","HEALTHEXP","TOT","PC_GDP","A","2002",9.404,
"ISL","HEALTHEXP","TOT","PC_GDP","A","2003",9.729,"B"
"ISL","HEALTHEXP","TOT","PC_GDP","A","2004",9.329,
"ISL","HEALTHEXP","TOT","PC_GDP","A","2005",8.947,
"ISL","HEALTHEXP","TOT","PC_GDP","A","2006",8.557,
"ISL","HEALTHEXP","TOT","PC_GDP","A","2007",8.354,
"ISL","HEALTHEXP","TOT","PC_GDP","A","2008",8.344,
"ISL","HEALTHEXP","TOT","PC_GDP","A","2009",8.775,
"ISL","HEALTHEXP","TOT","PC_GDP","A","2010",8.362,
"ISL","HEALTHEXP","TOT","PC_GDP","A","2011",8.203,
"ISL","HEALTHEXP","TOT","PC_GDP","A","2012",8.181,
"ISL","HEALTHEXP","TOT","PC_GDP","A","2013",8.176,
"ISL","HEALTHEXP","TOT","PC_GDP","A","2014",8.229,
"ISL","HEALTHEXP","TOT","PC_GDP","A","2015",8.07,
"ISL","HEALTHEXP","TOT","PC_GDP","A","2016",8.097,
"ISL","HEALTHEXP","TOT","PC_GDP","A","2017",8.261,
"ISL","HEALTHEXP","TOT","PC_GDP","A","2018",8.376,
"ISL","HEALTHEXP","TOT","PC_GDP","A","2019",8.513,
"ISL","HEALTHEXP","TOT","PC_GDP","A","2020",9.517,
"ISL","HEALTHEXP","TOT","PC_GDP","A","2021",9.653,"P"
"IRL","HEALTHEXP","TOT","PC_GDP","A","1970",4.913,
"IRL","HEALTHEXP","TOT","PC_GDP","A","1971",5.823,
"IRL","HEALTHEXP","TOT","PC_GDP","A","1972",5.89,
"IRL","HEALTHEXP","TOT","PC_GDP","A","1973",6.025,
"IRL","HEALTHEXP","TOT","PC_GDP","A","1974",6.513,
"IRL","HEALTHEXP","TOT","PC_GDP","A","1975",6.601,
"IRL","HEALTHEXP","TOT","PC_GDP","A","1976",6.444,
"IRL","HEALTHEXP","TOT","PC_GDP","A","1977",6.141,
"IRL","HEALTHEXP","TOT","PC_GDP","A","1978",6.467,
"IRL","HEALTHEXP","TOT","PC_GDP","A","1979",6.804,
"IRL","HEALTHEXP","TOT","PC_GDP","A","1980",7.506,
"IRL","HEALTHEXP","TOT","PC_GDP","A","1981",7.101,
"IRL","HEALTHEXP","TOT","PC_GDP","A","1982",6.957,
"IRL","HEALTHEXP","TOT","PC_GDP","A","1983",6.981,
"IRL","HEALTHEXP","TOT","PC_GDP","A","1984",6.823,
"IRL","HEALTHEXP","TOT","PC_GDP","A","1985",6.84,
"IRL","HEALTHEXP","TOT","PC_GDP","A","1986",6.747,
"IRL","HEALTHEXP","TOT","PC_GDP","A","1987",6.451,
"IRL","HEALTHEXP","TOT","PC_GDP","A","1988",6.14,
"IRL","HEALTHEXP","TOT","PC_GDP","A","1989",5.763,
"IRL","HEALTHEXP","TOT","PC_GDP","A","1990",5.614,
"IRL","HEALTHEXP","TOT","PC_GDP","A","1991",6.066,
"IRL","HEALTHEXP","TOT","PC_GDP","A","1992",6.327,
"IRL","HEALTHEXP","TOT","PC_GDP","A","1993",6.377,
"IRL","HEALTHEXP","TOT","PC_GDP","A","1994",6.275,
"IRL","HEALTHEXP","TOT","PC_GDP","A","1995",6.107,
"IRL","HEALTHEXP","TOT","PC_GDP","A","1996",5.932,
"IRL","HEALTHEXP","TOT","PC_GDP","A","1997",5.843,
"IRL","HEALTHEXP","TOT","PC_GDP","A","1998",5.63,
"IRL","HEALTHEXP","TOT","PC_GDP","A","1999",5.581,
"IRL","HEALTHEXP","TOT","PC_GDP","A","2000",5.899,
"IRL","HEALTHEXP","TOT","PC_GDP","A","2001",6.392,
"IRL","HEALTHEXP","TOT","PC_GDP","A","2002",6.673,
"IRL","HEALTHEXP","TOT","PC_GDP","A","2003",7.008,
"IRL","HEALTHEXP","TOT","PC_GDP","A","2004",7.22,
"IRL","HEALTHEXP","TOT","PC_GDP","A","2005",7.642,
"IRL","HEALTHEXP","TOT","PC_GDP","A","2006",7.516,
"IRL","HEALTHEXP","TOT","PC_GDP","A","2007",7.808,
"IRL","HEALTHEXP","TOT","PC_GDP","A","2008",9.126,
"IRL","HEALTHEXP","TOT","PC_GDP","A","2009",10.523,
"IRL","HEALTHEXP","TOT","PC_GDP","A","2010",10.526,
"IRL","HEALTHEXP","TOT","PC_GDP","A","2011",10.631,"B"
"IRL","HEALTHEXP","TOT","PC_GDP","A","2012",10.628,
"IRL","HEALTHEXP","TOT","PC_GDP","A","2013",10.309,
"IRL","HEALTHEXP","TOT","PC_GDP","A","2014",9.545,
"IRL","HEALTHEXP","TOT","PC_GDP","A","2015",7.318,
"IRL","HEALTHEXP","TOT","PC_GDP","A","2016",7.446,
"IRL","HEALTHEXP","TOT","PC_GDP","A","2017",7.146,
"IRL","HEALTHEXP","TOT","PC_GDP","A","2018",6.88,
"IRL","HEALTHEXP","TOT","PC_GDP","A","2019",6.673,
"IRL","HEALTHEXP","TOT","PC_GDP","A","2020",7.101,
"IRL","HEALTHEXP","TOT","PC_GDP","A","2021",6.728,"P"
"ITA","HEALTHEXP","TOT","PC_GDP","A","1988",6.648,
"ITA","HEALTHEXP","TOT","PC_GDP","A","1989",6.635,
"ITA","HEALTHEXP","TOT","PC_GDP","A","1990",6.992,
"ITA","HEALTHEXP","TOT","PC_GDP","A","1991",7.226,
"ITA","HEALTHEXP","TOT","PC_GDP","A","1992",7.095,
"ITA","HEALTHEXP","TOT","PC_GDP","A","1993",7.064,
"ITA","HEALTHEXP","TOT","PC_GDP","A","1994",6.911,
"ITA","HEALTHEXP","TOT","PC_GDP","A","1995",6.848,"B"
"ITA","HEALTHEXP","TOT","PC_GDP","A","1996",6.945,
"ITA","HEALTHEXP","TOT","PC_GDP","A","1997",7.208,
"ITA","HEALTHEXP","TOT","PC_GDP","A","1998",7.247,
"ITA","HEALTHEXP","TOT","PC_GDP","A","1999",7.316,
"ITA","HEALTHEXP","TOT","PC_GDP","A","2000",7.567,
"ITA","HEALTHEXP","TOT","PC_GDP","A","2001",7.738,
"ITA","HEALTHEXP","TOT","PC_GDP","A","2002",7.867,
"ITA","HEALTHEXP","TOT","PC_GDP","A","2003",7.833,
"ITA","HEALTHEXP","TOT","PC_GDP","A","2004",8.165,
"ITA","HEALTHEXP","TOT","PC_GDP","A","2005",8.339,
"ITA","HEALTHEXP","TOT","PC_GDP","A","2006",8.437,
"ITA","HEALTHEXP","TOT","PC_GDP","A","2007",8.136,
"ITA","HEALTHEXP","TOT","PC_GDP","A","2008",8.533,
"ITA","HEALTHEXP","TOT","PC_GDP","A","2009",8.952,
"ITA","HEALTHEXP","TOT","PC_GDP","A","2010",8.916,
"ITA","HEALTHEXP","TOT","PC_GDP","A","2011",8.774,
"ITA","HEALTHEXP","TOT","PC_GDP","A","2012",8.784,"B"
"ITA","HEALTHEXP","TOT","PC_GDP","A","2013",8.775,
"ITA","HEALTHEXP","TOT","PC_GDP","A","2014",8.868,
"ITA","HEALTHEXP","TOT","PC_GDP","A","2015",8.857,
"ITA","HEALTHEXP","TOT","PC_GDP","A","2016",8.725,
"ITA","HEALTHEXP","TOT","PC_GDP","A","2017",8.678,
"ITA","HEALTHEXP","TOT","PC_GDP","A","2018",8.682,
"ITA","HEALTHEXP","TOT","PC_GDP","A","2019",8.656,"B"
"ITA","HEALTHEXP","TOT","PC_GDP","A","2020",9.634,
"ITA","HEALTHEXP","TOT","PC_GDP","A","2021",9.454,"P"
"JPN","HEALTHEXP","TOT","PC_GDP","A","1970",4.362,"D"
"JPN","HEALTHEXP","TOT","PC_GDP","A","1971",4.474,"D"
"JPN","HEALTHEXP","TOT","PC_GDP","A","1972",4.58,"D"
"JPN","HEALTHEXP","TOT","PC_GDP","A","1973",4.459,"D"
"JPN","HEALTHEXP","TOT","PC_GDP","A","1974",4.895,"D"
"JPN","HEALTHEXP","TOT","PC_GDP","A","1975",5.413,"D"
"JPN","HEALTHEXP","TOT","PC_GDP","A","1976",5.413,"D"
"JPN","HEALTHEXP","TOT","PC_GDP","A","1977",5.549,"D"
"JPN","HEALTHEXP","TOT","PC_GDP","A","1978",5.736,"D"
"JPN","HEALTHEXP","TOT","PC_GDP","A","1979",5.857,"D"
"JPN","HEALTHEXP","TOT","PC_GDP","A","1980",6.247,"D"
"JPN","HEALTHEXP","TOT","PC_GDP","A","1981",6.33,"D"
"JPN","HEALTHEXP","TOT","PC_GDP","A","1982",6.479,"D"
"JPN","HEALTHEXP","TOT","PC_GDP","A","1983",6.549,"D"
"JPN","HEALTHEXP","TOT","PC_GDP","A","1984",6.368,"D"
"JPN","HEALTHEXP","TOT","PC_GDP","A","1985",6.481,"D"
"JPN","HEALTHEXP","TOT","PC_GDP","A","1986",6.414,"D"
"JPN","HEALTHEXP","TOT","PC_GDP","A","1987",6.388,"D"
"JPN","HEALTHEXP","TOT","PC_GDP","A","1988",6.105,"D"
"JPN","HEALTHEXP","TOT","PC_GDP","A","1989",5.896,"D"
"JPN","HEALTHEXP","TOT","PC_GDP","A","1990",5.757,"D"
"JPN","HEALTHEXP","TOT","PC_GDP","A","1991",5.774,"D"
"JPN","HEALTHEXP","TOT","PC_GDP","A","1992",6.025,"D"
"JPN","HEALTHEXP","TOT","PC_GDP","A","1993",6.332,"D"
"JPN","HEALTHEXP","TOT","PC_GDP","A","1994",6.463,"D"
"JPN","HEALTHEXP","TOT","PC_GDP","A","1995",6.173,
"JPN","HEALTHEXP","TOT","PC_GDP","A","1996",6.012,
"JPN","HEALTHEXP","TOT","PC_GDP","A","1997",6.289,
"JPN","HEALTHEXP","TOT","PC_GDP","A","1998",6.509,
"JPN","HEALTHEXP","TOT","PC_GDP","A","1999",6.865,
"JPN","HEALTHEXP","TOT","PC_GDP","A","2000",7.035,
"JPN","HEALTHEXP","TOT","PC_GDP","A","2001",7.239,
"JPN","HEALTHEXP","TOT","PC_GDP","A","2002",7.352,
"JPN","HEALTHEXP","TOT","PC_GDP","A","2003",7.487,
"JPN","HEALTHEXP","TOT","PC_GDP","A","2004",7.535,
"JPN","HEALTHEXP","TOT","PC_GDP","A","2005",7.658,
"JPN","HEALTHEXP","TOT","PC_GDP","A","2006",7.687,
"JPN","HEALTHEXP","TOT","PC_GDP","A","2007",7.779,
"JPN","HEALTHEXP","TOT","PC_GDP","A","2008",8.089,
"JPN","HEALTHEXP","TOT","PC_GDP","A","2009",8.959,
"JPN","HEALTHEXP","TOT","PC_GDP","A","2010",9.063,
"JPN","HEALTHEXP","TOT","PC_GDP","A","2011",10.488,"B"
"JPN","HEALTHEXP","TOT","PC_GDP","A","2012",10.672,
"JPN","HEALTHEXP","TOT","PC_GDP","A","2013",10.674,
"JPN","HEALTHEXP","TOT","PC_GDP","A","2014",10.729,
"JPN","HEALTHEXP","TOT","PC_GDP","A","2015",10.75,
"JPN","HEALTHEXP","TOT","PC_GDP","A","2016",10.659,
"JPN","HEALTHEXP","TOT","PC_GDP","A","2017",10.656,
"JPN","HEALTHEXP","TOT","PC_GDP","A","2018",10.746,
"JPN","HEALTHEXP","TOT","PC_GDP","A","2019",10.959,
"JPN","HEALTHEXP","TOT","PC_GDP","A","2020",11.134,"P"
"KOR","HEALTHEXP","TOT","PC_GDP","A","1970",2.575,
"KOR","HEALTHEXP","TOT","PC_GDP","A","1971",2.235,
"KOR","HEALTHEXP","TOT","PC_GDP","A","1972",2.036,
"KOR","HEALTHEXP","TOT","PC_GDP","A","1973",1.744,
"KOR","HEALTHEXP","TOT","PC_GDP","A","1974",1.516,
"KOR","HEALTHEXP","TOT","PC_GDP","A","1975",2.297,
"KOR","HEALTHEXP","TOT","PC_GDP","A","1976",2.322,
"KOR","HEALTHEXP","TOT","PC_GDP","A","1977",2.203,
"KOR","HEALTHEXP","TOT","PC_GDP","A","1978",2.393,
"KOR","HEALTHEXP","TOT","PC_GDP","A","1979",3.116,
"KOR","HEALTHEXP","TOT","PC_GDP","A","1980",3.436,
"KOR","HEALTHEXP","TOT","PC_GDP","A","1981",3.571,
"KOR","HEALTHEXP","TOT","PC_GDP","A","1982",3.529,
"KOR","HEALTHEXP","TOT","PC_GDP","A","1983",3.42,
"KOR","HEALTHEXP","TOT","PC_GDP","A","1984",3.248,
"KOR","HEALTHEXP","TOT","PC_GDP","A","1985",3.283,
"KOR","HEALTHEXP","TOT","PC_GDP","A","1986",3.156,
"KOR","HEALTHEXP","TOT","PC_GDP","A","1987",3.071,
"KOR","HEALTHEXP","TOT","PC_GDP","A","1988",3.202,
"KOR","HEALTHEXP","TOT","PC_GDP","A","1989",3.681,
"KOR","HEALTHEXP","TOT","PC_GDP","A","1990",3.628,
"KOR","HEALTHEXP","TOT","PC_GDP","A","1991",3.468,
"KOR","HEALTHEXP","TOT","PC_GDP","A","1992",3.588,
"KOR","HEALTHEXP","TOT","PC_GDP","A","1993",3.5,
"KOR","HEALTHEXP","TOT","PC_GDP","A","1994",3.374,
"KOR","HEALTHEXP","TOT","PC_GDP","A","1995",3.377,
"KOR","HEALTHEXP","TOT","PC_GDP","A","1996",3.553,
"KOR","HEALTHEXP","TOT","PC_GDP","A","1997",3.53,
"KOR","HEALTHEXP","TOT","PC_GDP","A","1998",3.654,
"KOR","HEALTHEXP","TOT","PC_GDP","A","1999",3.846,
"KOR","HEALTHEXP","TOT","PC_GDP","A","2000",3.898,
"KOR","HEALTHEXP","TOT","PC_GDP","A","2001",4.428,
"KOR","HEALTHEXP","TOT","PC_GDP","A","2002",4.165,
"KOR","HEALTHEXP","TOT","PC_GDP","A","2003",4.424,
"KOR","HEALTHEXP","TOT","PC_GDP","A","2004",4.389,
"KOR","HEALTHEXP","TOT","PC_GDP","A","2005",4.617,
"KOR","HEALTHEXP","TOT","PC_GDP","A","2006",4.944,
"KOR","HEALTHEXP","TOT","PC_GDP","A","2007",5.115,
"KOR","HEALTHEXP","TOT","PC_GDP","A","2008",5.399,
"KOR","HEALTHEXP","TOT","PC_GDP","A","2009",5.782,
"KOR","HEALTHEXP","TOT","PC_GDP","A","2010",5.917,
"KOR","HEALTHEXP","TOT","PC_GDP","A","2011",6.008,
"KOR","HEALTHEXP","TOT","PC_GDP","A","2012",6.133,
"KOR","HEALTHEXP","TOT","PC_GDP","A","2013",6.249,
"KOR","HEALTHEXP","TOT","PC_GDP","A","2014",6.479,
"KOR","HEALTHEXP","TOT","PC_GDP","A","2015",6.658,
"KOR","HEALTHEXP","TOT","PC_GDP","A","2016",6.92,
"KOR","HEALTHEXP","TOT","PC_GDP","A","2017",7.086,
"KOR","HEALTHEXP","TOT","PC_GDP","A","2018",7.52,
"KOR","HEALTHEXP","TOT","PC_GDP","A","2019",8.141,
"KOR","HEALTHEXP","TOT","PC_GDP","A","2020",8.364,
"KOR","HEALTHEXP","TOT","PC_GDP","A","2021",8.778,"P"
"LUX","HEALTHEXP","TOT","PC_GDP","A","1976",4.035,
"LUX","HEALTHEXP","TOT","PC_GDP","A","1977",4.389,
"LUX","HEALTHEXP","TOT","PC_GDP","A","1978",4.632,
"LUX","HEALTHEXP","TOT","PC_GDP","A","1979",4.704,
"LUX","HEALTHEXP","TOT","PC_GDP","A","1980",4.805,
"LUX","HEALTHEXP","TOT","PC_GDP","A","1981",4.931,
"LUX","HEALTHEXP","TOT","PC_GDP","A","1982",4.805,
"LUX","HEALTHEXP","TOT","PC_GDP","A","1983",4.718,
"LUX","HEALTHEXP","TOT","PC_GDP","A","1984",4.628,
"LUX","HEALTHEXP","TOT","PC_GDP","A","1985",4.69,
"LUX","HEALTHEXP","TOT","PC_GDP","A","1986",4.66,
"LUX","HEALTHEXP","TOT","PC_GDP","A","1987",5.072,
"LUX","HEALTHEXP","TOT","PC_GDP","A","1988",5.251,"D"
"LUX","HEALTHEXP","TOT","PC_GDP","A","1989",5.115,"D"
"LUX","HEALTHEXP","TOT","PC_GDP","A","1990",5.308,"D"
"LUX","HEALTHEXP","TOT","PC_GDP","A","1991",5.093,"D"
"LUX","HEALTHEXP","TOT","PC_GDP","A","1992",5.344,"D"
"LUX","HEALTHEXP","TOT","PC_GDP","A","1993",5.412,"D"
"LUX","HEALTHEXP","TOT","PC_GDP","A","1994",5.273,
"LUX","HEALTHEXP","TOT","PC_GDP","A","1995",5.519,"D"
"LUX","HEALTHEXP","TOT","PC_GDP","A","1996",5.567,"D"
"LUX","HEALTHEXP","TOT","PC_GDP","A","1997",5.294,"D"
"LUX","HEALTHEXP","TOT","PC_GDP","A","1998",5.443,"D"
"LUX","HEALTHEXP","TOT","PC_GDP","A","1999",5.613,
"LUX","HEALTHEXP","TOT","PC_GDP","A","2000",5.925,"B"
"LUX","HEALTHEXP","TOT","PC_GDP","A","2001",6.381,
"LUX","HEALTHEXP","TOT","PC_GDP","A","2002",6.76,
"LUX","HEALTHEXP","TOT","PC_GDP","A","2003",6.961,
"LUX","HEALTHEXP","TOT","PC_GDP","A","2004",7.28,
"LUX","HEALTHEXP","TOT","PC_GDP","A","2005",7.125,
"LUX","HEALTHEXP","TOT","PC_GDP","A","2006",6.638,
"LUX","HEALTHEXP","TOT","PC_GDP","A","2007",6.158,
"LUX","HEALTHEXP","TOT","PC_GDP","A","2008",6.231,
"LUX","HEALTHEXP","TOT","PC_GDP","A","2009",6.95,
"LUX","HEALTHEXP","TOT","PC_GDP","A","2010",6.662,
"LUX","HEALTHEXP","TOT","PC_GDP","A","2011",5.952,"B"
"LUX","HEALTHEXP","TOT","PC_GDP","A","2012",5.294,"B"
"LUX","HEALTHEXP","TOT","PC_GDP","A","2013",5.236,
"LUX","HEALTHEXP","TOT","PC_GDP","A","2014",5.23,
"LUX","HEALTHEXP","TOT","PC_GDP","A","2015",5.081,
"LUX","HEALTHEXP","TOT","PC_GDP","A","2016",5.071,
"LUX","HEALTHEXP","TOT","PC_GDP","A","2017",5.135,
"LUX","HEALTHEXP","TOT","PC_GDP","A","2018",5.259,
"LUX","HEALTHEXP","TOT","PC_GDP","A","2019",5.421,
"LUX","HEALTHEXP","TOT","PC_GDP","A","2020",5.735,
"MEX","HEALTHEXP","TOT","PC_GDP","A","1999",4.395,
"MEX","HEALTHEXP","TOT","PC_GDP","A","2000",4.449,
"MEX","HEALTHEXP","TOT","PC_GDP","A","2001",4.82,
"MEX","HEALTHEXP","TOT","PC_GDP","A","2002",5.072,
"MEX","HEALTHEXP","TOT","PC_GDP","A","2003",5.815,"B"
"MEX","HEALTHEXP","TOT","PC_GDP","A","2004",5.954,
"MEX","HEALTHEXP","TOT","PC_GDP","A","2005",5.836,
"MEX","HEALTHEXP","TOT","PC_GDP","A","2006",5.655,
"MEX","HEALTHEXP","TOT","PC_GDP","A","2007",5.766,
"MEX","HEALTHEXP","TOT","PC_GDP","A","2008",5.699,"B"
"MEX","HEALTHEXP","TOT","PC_GDP","A","2009",6.13,
"MEX","HEALTHEXP","TOT","PC_GDP","A","2010",5.737,
"MEX","HEALTHEXP","TOT","PC_GDP","A","2011",5.519,
"MEX","HEALTHEXP","TOT","PC_GDP","A","2012",5.665,
"MEX","HEALTHEXP","TOT","PC_GDP","A","2013",5.809,
"MEX","HEALTHEXP","TOT","PC_GDP","A","2014",5.553,
"MEX","HEALTHEXP","TOT","PC_GDP","A","2015",5.723,
"MEX","HEALTHEXP","TOT","PC_GDP","A","2016",5.553,
"MEX","HEALTHEXP","TOT","PC_GDP","A","2017",5.458,
"MEX","HEALTHEXP","TOT","PC_GDP","A","2018",5.383,
"MEX","HEALTHEXP","TOT","PC_GDP","A","2019",5.446,
"MEX","HEALTHEXP","TOT","PC_GDP","A","2020",6.242,
"NLD","HEALTHEXP","TOT","PC_GDP","A","1972",5.585,
"NLD","HEALTHEXP","TOT","PC_GDP","A","1973",5.659,
"NLD","HEALTHEXP","TOT","PC_GDP","A","1974",5.702,
"NLD","HEALTHEXP","TOT","PC_GDP","A","1975",6.183,
"NLD","HEALTHEXP","TOT","PC_GDP","A","1976",6.132,
"NLD","HEALTHEXP","TOT","PC_GDP","A","1977",6.246,
"NLD","HEALTHEXP","TOT","PC_GDP","A","1978",6.342,
"NLD","HEALTHEXP","TOT","PC_GDP","A","1979",6.46,
"NLD","HEALTHEXP","TOT","PC_GDP","A","1980",6.514,
"NLD","HEALTHEXP","TOT","PC_GDP","A","1981",6.604,
"NLD","HEALTHEXP","TOT","PC_GDP","A","1982",6.829,
"NLD","HEALTHEXP","TOT","PC_GDP","A","1983",6.829,
"NLD","HEALTHEXP","TOT","PC_GDP","A","1984",6.555,
"NLD","HEALTHEXP","TOT","PC_GDP","A","1985",6.544,
"NLD","HEALTHEXP","TOT","PC_GDP","A","1986",6.63,
"NLD","HEALTHEXP","TOT","PC_GDP","A","1987",6.738,
"NLD","HEALTHEXP","TOT","PC_GDP","A","1988",6.667,
"NLD","HEALTHEXP","TOT","PC_GDP","A","1989",6.834,
"NLD","HEALTHEXP","TOT","PC_GDP","A","1990",6.992,
"NLD","HEALTHEXP","TOT","PC_GDP","A","1991",7.169,
"NLD","HEALTHEXP","TOT","PC_GDP","A","1992",7.376,
"NLD","HEALTHEXP","TOT","PC_GDP","A","1993",7.476,
"NLD","HEALTHEXP","TOT","PC_GDP","A","1994",7.359,
"NLD","HEALTHEXP","TOT","PC_GDP","A","1995",7.27,
"NLD","HEALTHEXP","TOT","PC_GDP","A","1996",7.213,
"NLD","HEALTHEXP","TOT","PC_GDP","A","1997",7.026,
"NLD","HEALTHEXP","TOT","PC_GDP","A","1998",7.796,"B"
"NLD","HEALTHEXP","TOT","PC_GDP","A","1999",7.825,
"NLD","HEALTHEXP","TOT","PC_GDP","A","2000",7.707,
"NLD","HEALTHEXP","TOT","PC_GDP","A","2001",8.059,
"NLD","HEALTHEXP","TOT","PC_GDP","A","2002",8.649,
"NLD","HEALTHEXP","TOT","PC_GDP","A","2003",9.057,
"NLD","HEALTHEXP","TOT","PC_GDP","A","2004",9.111,
"NLD","HEALTHEXP","TOT","PC_GDP","A","2005",9.097,
"NLD","HEALTHEXP","TOT","PC_GDP","A","2006",9.081,
"NLD","HEALTHEXP","TOT","PC_GDP","A","2007",9.053,
"NLD","HEALTHEXP","TOT","PC_GDP","A","2008",9.277,
"NLD","HEALTHEXP","TOT","PC_GDP","A","2009",9.993,
"NLD","HEALTHEXP","TOT","PC_GDP","A","2010",10.155,
"NLD","HEALTHEXP","TOT","PC_GDP","A","2011",10.234,
"NLD","HEALTHEXP","TOT","PC_GDP","A","2012",10.539,
"NLD","HEALTHEXP","TOT","PC_GDP","A","2013",10.584,
"NLD","HEALTHEXP","TOT","PC_GDP","A","2014",10.567,
"NLD","HEALTHEXP","TOT","PC_GDP","A","2015",10.324,
"NLD","HEALTHEXP","TOT","PC_GDP","A","2016",10.294,
"NLD","HEALTHEXP","TOT","PC_GDP","A","2017",10.108,
"NLD","HEALTHEXP","TOT","PC_GDP","A","2018",10.032,
"NLD","HEALTHEXP","TOT","PC_GDP","A","2019",10.151,
"NLD","HEALTHEXP","TOT","PC_GDP","A","2020",11.153,
"NZL","HEALTHEXP","TOT","PC_GDP","A","1970",5.073,
"NZL","HEALTHEXP","TOT","PC_GDP","A","1971",5.106,
"NZL","HEALTHEXP","TOT","PC_GDP","A","1972",5.145,
"NZL","HEALTHEXP","TOT","PC_GDP","A","1973",5.358,
"NZL","HEALTHEXP","TOT","PC_GDP","A","1974",5.984,
"NZL","HEALTHEXP","TOT","PC_GDP","A","1975",6.533,
"NZL","HEALTHEXP","TOT","PC_GDP","A","1976",6.058,
"NZL","HEALTHEXP","TOT","PC_GDP","A","1977",6.335,
"NZL","HEALTHEXP","TOT","PC_GDP","A","1978",6.768,
"NZL","HEALTHEXP","TOT","PC_GDP","A","1979",6.281,
"NZL","HEALTHEXP","TOT","PC_GDP","A","1980",5.739,
"NZL","HEALTHEXP","TOT","PC_GDP","A","1981",5.66,
"NZL","HEALTHEXP","TOT","PC_GDP","A","1982",5.802,
"NZL","HEALTHEXP","TOT","PC_GDP","A","1983",5.65,
"NZL","HEALTHEXP","TOT","PC_GDP","A","1984",5.37,
"NZL","HEALTHEXP","TOT","PC_GDP","A","1985",4.937,
"NZL","HEALTHEXP","TOT","PC_GDP","A","1986",5.037,
"NZL","HEALTHEXP","TOT","PC_GDP","A","1987",5.57,
"NZL","HEALTHEXP","TOT","PC_GDP","A","1988",6.129,
"NZL","HEALTHEXP","TOT","PC_GDP","A","1989",6.275,
"NZL","HEALTHEXP","TOT","PC_GDP","A","1990",6.668,
"NZL","HEALTHEXP","TOT","PC_GDP","A","1991",7.1,
"NZL","HEALTHEXP","TOT","PC_GDP","A","1992",7.228,
"NZL","HEALTHEXP","TOT","PC_GDP","A","1993",6.925,
"NZL","HEALTHEXP","TOT","PC_GDP","A","1994",6.934,
"NZL","HEALTHEXP","TOT","PC_GDP","A","1995",6.948,
"NZL","HEALTHEXP","TOT","PC_GDP","A","1996",6.891,
"NZL","HEALTHEXP","TOT","PC_GDP","A","1997",7.098,
"NZL","HEALTHEXP","TOT","PC_GDP","A","1998",7.513,
"NZL","HEALTHEXP","TOT","PC_GDP","A","1999",7.397,
"NZL","HEALTHEXP","TOT","PC_GDP","A","2000",7.47,
"NZL","HEALTHEXP","TOT","PC_GDP","A","2001",7.579,
"NZL","HEALTHEXP","TOT","PC_GDP","A","2002",7.9,
"NZL","HEALTHEXP","TOT","PC_GDP","A","2003",7.722,
"NZL","HEALTHEXP","TOT","PC_GDP","A","2004",7.901,
"NZL","HEALTHEXP","TOT","PC_GDP","A","2005",8.273,
"NZL","HEALTHEXP","TOT","PC_GDP","A","2006",8.638,
"NZL","HEALTHEXP","TOT","PC_GDP","A","2007",8.329,
"NZL","HEALTHEXP","TOT","PC_GDP","A","2008",9.124,
"NZL","HEALTHEXP","TOT","PC_GDP","A","2009",9.621,"P"
"NZL","HEALTHEXP","TOT","PC_GDP","A","2010",9.593,"P"
"NZL","HEALTHEXP","TOT","PC_GDP","A","2011",9.52,"P"
"NZL","HEALTHEXP","TOT","PC_GDP","A","2012",9.652,"P"
"NZL","HEALTHEXP","TOT","PC_GDP","A","2013",9.36,"P"
"NZL","HEALTHEXP","TOT","PC_GDP","A","2014",9.402,"P"
"NZL","HEALTHEXP","TOT","PC_GDP","A","2015",9.283,"P"
"NZL","HEALTHEXP","TOT","PC_GDP","A","2016",9.244,"P"
"NZL","HEALTHEXP","TOT","PC_GDP","A","2017",8.967,"P"
"NZL","HEALTHEXP","TOT","PC_GDP","A","2018",9.035,"P"
"NZL","HEALTHEXP","TOT","PC_GDP","A","2019",9.049,"E"
"NZL","HEALTHEXP","TOT","PC_GDP","A","2020",9.719,"E"
"NOR","HEALTHEXP","TOT","PC_GDP","A","1970",3.993,
"NOR","HEALTHEXP","TOT","PC_GDP","A","1971",4.263,
"NOR","HEALTHEXP","TOT","PC_GDP","A","1972",4.637,
"NOR","HEALTHEXP","TOT","PC_GDP","A","1973",4.788,
"NOR","HEALTHEXP","TOT","PC_GDP","A","1974",4.788,
"NOR","HEALTHEXP","TOT","PC_GDP","A","1975",5.194,
"NOR","HEALTHEXP","TOT","PC_GDP","A","1976",5.324,
"NOR","HEALTHEXP","TOT","PC_GDP","A","1977",5.547,
"NOR","HEALTHEXP","TOT","PC_GDP","A","1978",6.093,
"NOR","HEALTHEXP","TOT","PC_GDP","A","1979",5.569,
"NOR","HEALTHEXP","TOT","PC_GDP","A","1980",5.41,
"NOR","HEALTHEXP","TOT","PC_GDP","A","1981",5.44,
"NOR","HEALTHEXP","TOT","PC_GDP","A","1982",5.64,
"NOR","HEALTHEXP","TOT","PC_GDP","A","1983",5.822,
"NOR","HEALTHEXP","TOT","PC_GDP","A","1984",5.479,
"NOR","HEALTHEXP","TOT","PC_GDP","A","1985",5.477,
"NOR","HEALTHEXP","TOT","PC_GDP","A","1986",5.918,
"NOR","HEALTHEXP","TOT","PC_GDP","A","1987",6.154,
"NOR","HEALTHEXP","TOT","PC_GDP","A","1988",6.291,
"NOR","HEALTHEXP","TOT","PC_GDP","A","1989",6.118,
"NOR","HEALTHEXP","TOT","PC_GDP","A","1990",7.075,
"NOR","HEALTHEXP","TOT","PC_GDP","A","1991",7.35,
"NOR","HEALTHEXP","TOT","PC_GDP","A","1992",7.501,
"NOR","HEALTHEXP","TOT","PC_GDP","A","1993",7.38,"B"
"NOR","HEALTHEXP","TOT","PC_GDP","A","1994",7.293,
"NOR","HEALTHEXP","TOT","PC_GDP","A","1995",7.273,
"NOR","HEALTHEXP","TOT","PC_GDP","A","1996",7.189,
"NOR","HEALTHEXP","TOT","PC_GDP","A","1997",7.743,"B"
"NOR","HEALTHEXP","TOT","PC_GDP","A","1998",8.427,
"NOR","HEALTHEXP","TOT","PC_GDP","A","1999",8.436,
"NOR","HEALTHEXP","TOT","PC_GDP","A","2000",7.712,
"NOR","HEALTHEXP","TOT","PC_GDP","A","2001",8.022,"B"
"NOR","HEALTHEXP","TOT","PC_GDP","A","2002",9.001,
"NOR","HEALTHEXP","TOT","PC_GDP","A","2003",9.215,
"NOR","HEALTHEXP","TOT","PC_GDP","A","2004",8.821,
"NOR","HEALTHEXP","TOT","PC_GDP","A","2005",8.328,
"NOR","HEALTHEXP","TOT","PC_GDP","A","2006",7.913,
"NOR","HEALTHEXP","TOT","PC_GDP","A","2007",8.051,
"NOR","HEALTHEXP","TOT","PC_GDP","A","2008",7.961,
"NOR","HEALTHEXP","TOT","PC_GDP","A","2009",9.074,
"NOR","HEALTHEXP","TOT","PC_GDP","A","2010",8.906,
"NOR","HEALTHEXP","TOT","PC_GDP","A","2011",8.789,
"NOR","HEALTHEXP","TOT","PC_GDP","A","2012",8.778,
"NOR","HEALTHEXP","TOT","PC_GDP","A","2013",8.93,
"NOR","HEALTHEXP","TOT","PC_GDP","A","2014",9.345,
"NOR","HEALTHEXP","TOT","PC_GDP","A","2015",10.131,
"NOR","HEALTHEXP","TOT","PC_GDP","A","2016",10.591,
"NOR","HEALTHEXP","TOT","PC_GDP","A","2017",10.316,
"NOR","HEALTHEXP","TOT","PC_GDP","A","2018",10.024,
"NOR","HEALTHEXP","TOT","PC_GDP","A","2019",10.536,
"NOR","HEALTHEXP","TOT","PC_GDP","A","2020",11.339,"P"
"NOR","HEALTHEXP","TOT","PC_GDP","A","2021",10.081,"E"
"POL","HEALTHEXP","TOT","PC_GDP","A","1990",4.328,
"POL","HEALTHEXP","TOT","PC_GDP","A","1991",4.79,
"POL","HEALTHEXP","TOT","PC_GDP","A","1992",5.017,
"POL","HEALTHEXP","TOT","PC_GDP","A","1993",5.116,
"POL","HEALTHEXP","TOT","PC_GDP","A","1994",4.999,
"POL","HEALTHEXP","TOT","PC_GDP","A","1995",4.918,
"POL","HEALTHEXP","TOT","PC_GDP","A","1996",5.234,
"POL","HEALTHEXP","TOT","PC_GDP","A","1997",5.099,
"POL","HEALTHEXP","TOT","PC_GDP","A","1998",5.022,
"POL","HEALTHEXP","TOT","PC_GDP","A","1999",5.456,
"POL","HEALTHEXP","TOT","PC_GDP","A","2000",5.288,
"POL","HEALTHEXP","TOT","PC_GDP","A","2001",5.667,
"POL","HEALTHEXP","TOT","PC_GDP","A","2002",6.067,"B"
"POL","HEALTHEXP","TOT","PC_GDP","A","2003",5.954,
"POL","HEALTHEXP","TOT","PC_GDP","A","2004",5.868,
"POL","HEALTHEXP","TOT","PC_GDP","A","2005",5.807,
"POL","HEALTHEXP","TOT","PC_GDP","A","2006",5.803,
"POL","HEALTHEXP","TOT","PC_GDP","A","2007",5.873,
"POL","HEALTHEXP","TOT","PC_GDP","A","2008",6.376,
"POL","HEALTHEXP","TOT","PC_GDP","A","2009",6.588,
"POL","HEALTHEXP","TOT","PC_GDP","A","2010",6.412,"B"
"POL","HEALTHEXP","TOT","PC_GDP","A","2011",6.24,
"POL","HEALTHEXP","TOT","PC_GDP","A","2012",6.224,
"POL","HEALTHEXP","TOT","PC_GDP","A","2013",6.415,
"POL","HEALTHEXP","TOT","PC_GDP","A","2014",6.28,
"POL","HEALTHEXP","TOT","PC_GDP","A","2015",6.395,
"POL","HEALTHEXP","TOT","PC_GDP","A","2016",6.535,
"POL","HEALTHEXP","TOT","PC_GDP","A","2017",6.56,
"POL","HEALTHEXP","TOT","PC_GDP","A","2018",6.328,
"POL","HEALTHEXP","TOT","PC_GDP","A","2019",6.447,
"POL","HEALTHEXP","TOT","PC_GDP","A","2020",6.493,
"POL","HEALTHEXP","TOT","PC_GDP","A","2021",6.593,"P"
"PRT","HEALTHEXP","TOT","PC_GDP","A","1970",2.261,
"PRT","HEALTHEXP","TOT","PC_GDP","A","1971",2.422,
"PRT","HEALTHEXP","TOT","PC_GDP","A","1972",2.988,
"PRT","HEALTHEXP","TOT","PC_GDP","A","1973",3.232,
"PRT","HEALTHEXP","TOT","PC_GDP","A","1974",3.456,
"PRT","HEALTHEXP","TOT","PC_GDP","A","1975",4.731,
"PRT","HEALTHEXP","TOT","PC_GDP","A","1976",4.579,
"PRT","HEALTHEXP","TOT","PC_GDP","A","1977",4.086,
"PRT","HEALTHEXP","TOT","PC_GDP","A","1978",4.214,
"PRT","HEALTHEXP","TOT","PC_GDP","A","1979",4.095,
"PRT","HEALTHEXP","TOT","PC_GDP","A","1980",4.789,
"PRT","HEALTHEXP","TOT","PC_GDP","A","1981",5.024,
"PRT","HEALTHEXP","TOT","PC_GDP","A","1982",5.085,
"PRT","HEALTHEXP","TOT","PC_GDP","A","1983",4.824,
"PRT","HEALTHEXP","TOT","PC_GDP","A","1984",4.95,
"PRT","HEALTHEXP","TOT","PC_GDP","A","1985",5.368,
"PRT","HEALTHEXP","TOT","PC_GDP","A","1986",5.932,
"PRT","HEALTHEXP","TOT","PC_GDP","A","1987",5.769,
"PRT","HEALTHEXP","TOT","PC_GDP","A","1988",6.009,
"PRT","HEALTHEXP","TOT","PC_GDP","A","1989",5.538,
"PRT","HEALTHEXP","TOT","PC_GDP","A","1990",5.516,
"PRT","HEALTHEXP","TOT","PC_GDP","A","1991",6.039,
"PRT","HEALTHEXP","TOT","PC_GDP","A","1992",6.187,
"PRT","HEALTHEXP","TOT","PC_GDP","A","1993",6.453,
"PRT","HEALTHEXP","TOT","PC_GDP","A","1994",6.427,
"PRT","HEALTHEXP","TOT","PC_GDP","A","1995",7.2,"B"
"PRT","HEALTHEXP","TOT","PC_GDP","A","1996",7.452,
"PRT","HEALTHEXP","TOT","PC_GDP","A","1997",7.414,
"PRT","HEALTHEXP","TOT","PC_GDP","A","1998",7.383,
"PRT","HEALTHEXP","TOT","PC_GDP","A","1999",7.622,
"PRT","HEALTHEXP","TOT","PC_GDP","A","2000",8.601,"B"
"PRT","HEALTHEXP","TOT","PC_GDP","A","2001",8.628,
"PRT","HEALTHEXP","TOT","PC_GDP","A","2002",8.786,
"PRT","HEALTHEXP","TOT","PC_GDP","A","2003",9.124,
"PRT","HEALTHEXP","TOT","PC_GDP","A","2004",9.533,
"PRT","HEALTHEXP","TOT","PC_GDP","A","2005",9.653,
"PRT","HEALTHEXP","TOT","PC_GDP","A","2006",9.354,
"PRT","HEALTHEXP","TOT","PC_GDP","A","2007",9.252,
"PRT","HEALTHEXP","TOT","PC_GDP","A","2008",9.583,
"PRT","HEALTHEXP","TOT","PC_GDP","A","2009",10.131,
"PRT","HEALTHEXP","TOT","PC_GDP","A","2010",10.033,
"PRT","HEALTHEXP","TOT","PC_GDP","A","2011",9.731,
"PRT","HEALTHEXP","TOT","PC_GDP","A","2012",9.654,
"PRT","HEALTHEXP","TOT","PC_GDP","A","2013",9.405,
"PRT","HEALTHEXP","TOT","PC_GDP","A","2014",9.343,
"PRT","HEALTHEXP","TOT","PC_GDP","A","2015",9.316,
"PRT","HEALTHEXP","TOT","PC_GDP","A","2016",9.394,
"PRT","HEALTHEXP","TOT","PC_GDP","A","2017",9.306,
"PRT","HEALTHEXP","TOT","PC_GDP","A","2018",9.413,
"PRT","HEALTHEXP","TOT","PC_GDP","A","2019",9.514,
"PRT","HEALTHEXP","TOT","PC_GDP","A","2020",10.549,
"PRT","HEALTHEXP","TOT","PC_GDP","A","2021",11.211,"P"
"SVK","HEALTHEXP","TOT","PC_GDP","A","1997",5.645,"D"
"SVK","HEALTHEXP","TOT","PC_GDP","A","1998",5.546,"D"
"SVK","HEALTHEXP","TOT","PC_GDP","A","1999",5.533,
"SVK","HEALTHEXP","TOT","PC_GDP","A","2000",5.303,
"SVK","HEALTHEXP","TOT","PC_GDP","A","2001",5.332,
"SVK","HEALTHEXP","TOT","PC_GDP","A","2002",5.509,
"SVK","HEALTHEXP","TOT","PC_GDP","A","2003",5.448,
"SVK","HEALTHEXP","TOT","PC_GDP","A","2004",6.469,"B"
"SVK","HEALTHEXP","TOT","PC_GDP","A","2005",6.589,"B"
"SVK","HEALTHEXP","TOT","PC_GDP","A","2006",6.851,
"SVK","HEALTHEXP","TOT","PC_GDP","A","2007",7.177,
"SVK","HEALTHEXP","TOT","PC_GDP","A","2008",6.956,"B"
"SVK","HEALTHEXP","TOT","PC_GDP","A","2009",7.948,
"SVK","HEALTHEXP","TOT","PC_GDP","A","2010",7.697,
"SVK","HEALTHEXP","TOT","PC_GDP","A","2011",7.33,
"SVK","HEALTHEXP","TOT","PC_GDP","A","2012",7.565,"B"
"SVK","HEALTHEXP","TOT","PC_GDP","A","2013",7.523,
"SVK","HEALTHEXP","TOT","PC_GDP","A","2014",6.908,
"SVK","HEALTHEXP","TOT","PC_GDP","A","2015",6.782,
"SVK","HEALTHEXP","TOT","PC_GDP","A","2016",6.994,
"SVK","HEALTHEXP","TOT","PC_GDP","A","2017",6.775,
"SVK","HEALTHEXP","TOT","PC_GDP","A","2018",6.7,
"SVK","HEALTHEXP","TOT","PC_GDP","A","2019",6.948,
"SVK","HEALTHEXP","TOT","PC_GDP","A","2020",7.262,
"ESP","HEALTHEXP","TOT","PC_GDP","A","1970",3.137,
"ESP","HEALTHEXP","TOT","PC_GDP","A","1971",3.574,
"ESP","HEALTHEXP","TOT","PC_GDP","A","1972",3.771,
"ESP","HEALTHEXP","TOT","PC_GDP","A","1973",3.689,
"ESP","HEALTHEXP","TOT","PC_GDP","A","1974",4.017,
"ESP","HEALTHEXP","TOT","PC_GDP","A","1975",4.181,
"ESP","HEALTHEXP","TOT","PC_GDP","A","1976",4.655,
"ESP","HEALTHEXP","TOT","PC_GDP","A","1977",4.903,
"ESP","HEALTHEXP","TOT","PC_GDP","A","1978",4.94,
"ESP","HEALTHEXP","TOT","PC_GDP","A","1979",4.889,
"ESP","HEALTHEXP","TOT","PC_GDP","A","1980",4.954,
"ESP","HEALTHEXP","TOT","PC_GDP","A","1981",5.09,
"ESP","HEALTHEXP","TOT","PC_GDP","A","1982",5.182,
"ESP","HEALTHEXP","TOT","PC_GDP","A","1983",5.333,
"ESP","HEALTHEXP","TOT","PC_GDP","A","1984",5.146,
"ESP","HEALTHEXP","TOT","PC_GDP","A","1985",5.03,
"ESP","HEALTHEXP","TOT","PC_GDP","A","1986",4.991,
"ESP","HEALTHEXP","TOT","PC_GDP","A","1987",5.061,
"ESP","HEALTHEXP","TOT","PC_GDP","A","1988",5.628,
"ESP","HEALTHEXP","TOT","PC_GDP","A","1989",5.752,
"ESP","HEALTHEXP","TOT","PC_GDP","A","1990",6.084,
"ESP","HEALTHEXP","TOT","PC_GDP","A","1991",6.271,
"ESP","HEALTHEXP","TOT","PC_GDP","A","1992",6.645,
"ESP","HEALTHEXP","TOT","PC_GDP","A","1993",6.948,
"ESP","HEALTHEXP","TOT","PC_GDP","A","1994",6.874,
"ESP","HEALTHEXP","TOT","PC_GDP","A","1995",7.029,
"ESP","HEALTHEXP","TOT","PC_GDP","A","1996",7.052,
"ESP","HEALTHEXP","TOT","PC_GDP","A","1997",6.936,
"ESP","HEALTHEXP","TOT","PC_GDP","A","1998",6.892,
"ESP","HEALTHEXP","TOT","PC_GDP","A","1999",6.906,"B"
"ESP","HEALTHEXP","TOT","PC_GDP","A","2000",6.799,
"ESP","HEALTHEXP","TOT","PC_GDP","A","2001",6.769,
"ESP","HEALTHEXP","TOT","PC_GDP","A","2002",6.801,
"ESP","HEALTHEXP","TOT","PC_GDP","A","2003",7.563,"B"
"ESP","HEALTHEXP","TOT","PC_GDP","A","2004",7.658,
"ESP","HEALTHEXP","TOT","PC_GDP","A","2005",7.732,
"ESP","HEALTHEXP","TOT","PC_GDP","A","2006",7.829,
"ESP","HEALTHEXP","TOT","PC_GDP","A","2007",7.919,
"ESP","HEALTHEXP","TOT","PC_GDP","A","2008",8.382,
"ESP","HEALTHEXP","TOT","PC_GDP","A","2009",9.108,
"ESP","HEALTHEXP","TOT","PC_GDP","A","2010",9.119,
"ESP","HEALTHEXP","TOT","PC_GDP","A","2011",9.168,
"ESP","HEALTHEXP","TOT","PC_GDP","A","2012",9.154,
"ESP","HEALTHEXP","TOT","PC_GDP","A","2013",9.067,
"ESP","HEALTHEXP","TOT","PC_GDP","A","2014",9.089,
"ESP","HEALTHEXP","TOT","PC_GDP","A","2015",9.126,
"ESP","HEALTHEXP","TOT","PC_GDP","A","2016",8.952,
"ESP","HEALTHEXP","TOT","PC_GDP","A","2017",8.95,
"ESP","HEALTHEXP","TOT","PC_GDP","A","2018",9.001,
"ESP","HEALTHEXP","TOT","PC_GDP","A","2019",9.139,
"ESP","HEALTHEXP","TOT","PC_GDP","A","2020",10.714,
"SWE","HEALTHEXP","TOT","PC_GDP","A","1970",5.428,
"SWE","HEALTHEXP","TOT","PC_GDP","A","1971",5.861,
"SWE","HEALTHEXP","TOT","PC_GDP","A","1972",5.961,
"SWE","HEALTHEXP","TOT","PC_GDP","A","1973",5.935,
"SWE","HEALTHEXP","TOT","PC_GDP","A","1974",6.172,
"SWE","HEALTHEXP","TOT","PC_GDP","A","1975",6.453,
"SWE","HEALTHEXP","TOT","PC_GDP","A","1976",6.734,
"SWE","HEALTHEXP","TOT","PC_GDP","A","1977",7.481,
"SWE","HEALTHEXP","TOT","PC_GDP","A","1978",7.529,
"SWE","HEALTHEXP","TOT","PC_GDP","A","1979",7.42,
"SWE","HEALTHEXP","TOT","PC_GDP","A","1980",7.725,
"SWE","HEALTHEXP","TOT","PC_GDP","A","1981",7.828,
"SWE","HEALTHEXP","TOT","PC_GDP","A","1982",7.913,
"SWE","HEALTHEXP","TOT","PC_GDP","A","1983",7.825,
"SWE","HEALTHEXP","TOT","PC_GDP","A","1984",7.636,
"SWE","HEALTHEXP","TOT","PC_GDP","A","1985",7.249,
"SWE","HEALTHEXP","TOT","PC_GDP","A","1986",7.021,
"SWE","HEALTHEXP","TOT","PC_GDP","A","1987",7.098,
"SWE","HEALTHEXP","TOT","PC_GDP","A","1988",7.016,
"SWE","HEALTHEXP","TOT","PC_GDP","A","1989",7.074,
"SWE","HEALTHEXP","TOT","PC_GDP","A","1990",7.154,
"SWE","HEALTHEXP","TOT","PC_GDP","A","1991",7.142,
"SWE","HEALTHEXP","TOT","PC_GDP","A","1992",7.422,
"SWE","HEALTHEXP","TOT","PC_GDP","A","1993",7.662,"B"
"SWE","HEALTHEXP","TOT","PC_GDP","A","1994",7.282,
"SWE","HEALTHEXP","TOT","PC_GDP","A","1995",7.203,
"SWE","HEALTHEXP","TOT","PC_GDP","A","1996",7.402,
"SWE","HEALTHEXP","TOT","PC_GDP","A","1997",7.218,
"SWE","HEALTHEXP","TOT","PC_GDP","A","1998",7.293,
"SWE","HEALTHEXP","TOT","PC_GDP","A","1999",7.327,
"SWE","HEALTHEXP","TOT","PC_GDP","A","2000",7.327,
"SWE","HEALTHEXP","TOT","PC_GDP","A","2001",7.9,
"SWE","HEALTHEXP","TOT","PC_GDP","A","2002",8.21,
"SWE","HEALTHEXP","TOT","PC_GDP","A","2003",8.317,
"SWE","HEALTHEXP","TOT","PC_GDP","A","2004",8.13,
"SWE","HEALTHEXP","TOT","PC_GDP","A","2005",8.151,
"SWE","HEALTHEXP","TOT","PC_GDP","A","2006",8.052,
"SWE","HEALTHEXP","TOT","PC_GDP","A","2007",7.996,
"SWE","HEALTHEXP","TOT","PC_GDP","A","2008",8.208,
"SWE","HEALTHEXP","TOT","PC_GDP","A","2009",8.77,
"SWE","HEALTHEXP","TOT","PC_GDP","A","2010",8.32,
"SWE","HEALTHEXP","TOT","PC_GDP","A","2011",10.416,"B"
"SWE","HEALTHEXP","TOT","PC_GDP","A","2012",10.735,
"SWE","HEALTHEXP","TOT","PC_GDP","A","2013",10.905,
"SWE","HEALTHEXP","TOT","PC_GDP","A","2014",10.948,
"SWE","HEALTHEXP","TOT","PC_GDP","A","2015",10.804,
"SWE","HEALTHEXP","TOT","PC_GDP","A","2016",10.852,
"SWE","HEALTHEXP","TOT","PC_GDP","A","2017",10.785,
"SWE","HEALTHEXP","TOT","PC_GDP","A","2018",10.941,
"SWE","HEALTHEXP","TOT","PC_GDP","A","2019",10.832,
"SWE","HEALTHEXP","TOT","PC_GDP","A","2020",11.497,"P"
"SWE","HEALTHEXP","TOT","PC_GDP","A","2021",11.439,"P"
"CHE","HEALTHEXP","TOT","PC_GDP","A","1970",4.755,
"CHE","HEALTHEXP","TOT","PC_GDP","A","1971",4.967,
"CHE","HEALTHEXP","TOT","PC_GDP","A","1972",4.935,
"CHE","HEALTHEXP","TOT","PC_GDP","A","1973",5.007,
"CHE","HEALTHEXP","TOT","PC_GDP","A","1974",5.348,
"CHE","HEALTHEXP","TOT","PC_GDP","A","1975",6.094,
"CHE","HEALTHEXP","TOT","PC_GDP","A","1976",6.308,
"CHE","HEALTHEXP","TOT","PC_GDP","A","1977",6.303,
"CHE","HEALTHEXP","TOT","PC_GDP","A","1978",6.313,
"CHE","HEALTHEXP","TOT","PC_GDP","A","1979",6.402,
"CHE","HEALTHEXP","TOT","PC_GDP","A","1980",6.434,
"CHE","HEALTHEXP","TOT","PC_GDP","A","1981",6.492,
"CHE","HEALTHEXP","TOT","PC_GDP","A","1982",6.625,
"CHE","HEALTHEXP","TOT","PC_GDP","A","1983",6.978,
"CHE","HEALTHEXP","TOT","PC_GDP","A","1984",6.745,
"CHE","HEALTHEXP","TOT","PC_GDP","A","1985",7.286,
"CHE","HEALTHEXP","TOT","PC_GDP","A","1986",7.448,
"CHE","HEALTHEXP","TOT","PC_GDP","A","1987",7.625,
"CHE","HEALTHEXP","TOT","PC_GDP","A","1988",7.667,
"CHE","HEALTHEXP","TOT","PC_GDP","A","1989",7.674,
"CHE","HEALTHEXP","TOT","PC_GDP","A","1990",7.618,
"CHE","HEALTHEXP","TOT","PC_GDP","A","1991",8.227,
"CHE","HEALTHEXP","TOT","PC_GDP","A","1992",8.595,
"CHE","HEALTHEXP","TOT","PC_GDP","A","1993",8.695,
"CHE","HEALTHEXP","TOT","PC_GDP","A","1994",8.819,
"CHE","HEALTHEXP","TOT","PC_GDP","A","1995",8.635,"B"
"CHE","HEALTHEXP","TOT","PC_GDP","A","1996",8.976,
"CHE","HEALTHEXP","TOT","PC_GDP","A","1997",8.999,
"CHE","HEALTHEXP","TOT","PC_GDP","A","1998",9.097,
"CHE","HEALTHEXP","TOT","PC_GDP","A","1999",9.216,
"CHE","HEALTHEXP","TOT","PC_GDP","A","2000",9.114,
"CHE","HEALTHEXP","TOT","PC_GDP","A","2001",9.439,
"CHE","HEALTHEXP","TOT","PC_GDP","A","2002",9.852,
"CHE","HEALTHEXP","TOT","PC_GDP","A","2003",10.109,
"CHE","HEALTHEXP","TOT","PC_GDP","A","2004",10.185,
"CHE","HEALTHEXP","TOT","PC_GDP","A","2005",10.004,
"CHE","HEALTHEXP","TOT","PC_GDP","A","2006",9.533,
"CHE","HEALTHEXP","TOT","PC_GDP","A","2007",9.364,
"CHE","HEALTHEXP","TOT","PC_GDP","A","2008",9.481,
"CHE","HEALTHEXP","TOT","PC_GDP","A","2009",10.069,
"CHE","HEALTHEXP","TOT","PC_GDP","A","2010",9.942,
"CHE","HEALTHEXP","TOT","PC_GDP","A","2011",10.019,
"CHE","HEALTHEXP","TOT","PC_GDP","A","2012",10.249,
"CHE","HEALTHEXP","TOT","PC_GDP","A","2013",10.462,
"CHE","HEALTHEXP","TOT","PC_GDP","A","2014",10.616,
"CHE","HEALTHEXP","TOT","PC_GDP","A","2015",11.008,
"CHE","HEALTHEXP","TOT","PC_GDP","A","2016",11.3,
"CHE","HEALTHEXP","TOT","PC_GDP","A","2017",11.481,
"CHE","HEALTHEXP","TOT","PC_GDP","A","2018",11.156,
"CHE","HEALTHEXP","TOT","PC_GDP","A","2019",11.287,
"CHE","HEALTHEXP","TOT","PC_GDP","A","2020",11.796,
"TUR","HEALTHEXP","TOT","PC_GDP","A","1975",2.153,"D"
"TUR","HEALTHEXP","TOT","PC_GDP","A","1976",1.693,"D"
"TUR","HEALTHEXP","TOT","PC_GDP","A","1977",1.985,"D"
"TUR","HEALTHEXP","TOT","PC_GDP","A","1978",2.223,"D"
"TUR","HEALTHEXP","TOT","PC_GDP","A","1979",2.292,"D"
"TUR","HEALTHEXP","TOT","PC_GDP","A","1980",2.359,"D"
"TUR","HEALTHEXP","TOT","PC_GDP","A","1981",2.573,"D"
"TUR","HEALTHEXP","TOT","PC_GDP","A","1982",2.145,"D"
"TUR","HEALTHEXP","TOT","PC_GDP","A","1983",2.192,"D"
"TUR","HEALTHEXP","TOT","PC_GDP","A","1984",2.112,"D"
"TUR","HEALTHEXP","TOT","PC_GDP","A","1985",1.489,
"TUR","HEALTHEXP","TOT","PC_GDP","A","1986",1.833,
"TUR","HEALTHEXP","TOT","PC_GDP","A","1987",1.894,
"TUR","HEALTHEXP","TOT","PC_GDP","A","1988",2.073,
"TUR","HEALTHEXP","TOT","PC_GDP","A","1989",2.274,
"TUR","HEALTHEXP","TOT","PC_GDP","A","1990",2.449,
"TUR","HEALTHEXP","TOT","PC_GDP","A","1991",2.784,"D"
"TUR","HEALTHEXP","TOT","PC_GDP","A","1992",2.745,"D"
"TUR","HEALTHEXP","TOT","PC_GDP","A","1993",2.693,"D"
"TUR","HEALTHEXP","TOT","PC_GDP","A","1994",2.622,"D"
"TUR","HEALTHEXP","TOT","PC_GDP","A","1995",2.446,"D"
"TUR","HEALTHEXP","TOT","PC_GDP","A","1996",2.832,"D"
"TUR","HEALTHEXP","TOT","PC_GDP","A","1997",3.058,"D"
"TUR","HEALTHEXP","TOT","PC_GDP","A","1998",3.506,"D"
"TUR","HEALTHEXP","TOT","PC_GDP","A","1999",4.456,"B"
"TUR","HEALTHEXP","TOT","PC_GDP","A","2000",4.6,
"TUR","HEALTHEXP","TOT","PC_GDP","A","2001",4.888,
"TUR","HEALTHEXP","TOT","PC_GDP","A","2002",5.062,
"TUR","HEALTHEXP","TOT","PC_GDP","A","2003",5.014,
"TUR","HEALTHEXP","TOT","PC_GDP","A","2004",4.91,
"TUR","HEALTHEXP","TOT","PC_GDP","A","2005",4.894,
"TUR","HEALTHEXP","TOT","PC_GDP","A","2006",5.146,
"TUR","HEALTHEXP","TOT","PC_GDP","A","2007",5.238,
"TUR","HEALTHEXP","TOT","PC_GDP","A","2008",5.218,
"TUR","HEALTHEXP","TOT","PC_GDP","A","2009",5.494,
"TUR","HEALTHEXP","TOT","PC_GDP","A","2010",5.021,
"TUR","HEALTHEXP","TOT","PC_GDP","A","2011",4.653,
"TUR","HEALTHEXP","TOT","PC_GDP","A","2012",4.444,
"TUR","HEALTHEXP","TOT","PC_GDP","A","2013",4.371,
"TUR","HEALTHEXP","TOT","PC_GDP","A","2014",4.325,
"TUR","HEALTHEXP","TOT","PC_GDP","A","2015",4.117,
"TUR","HEALTHEXP","TOT","PC_GDP","A","2016",4.285,
"TUR","HEALTHEXP","TOT","PC_GDP","A","2017",4.18,
"TUR","HEALTHEXP","TOT","PC_GDP","A","2018",4.124,
"TUR","HEALTHEXP","TOT","PC_GDP","A","2019",4.36,
"TUR","HEALTHEXP","TOT","PC_GDP","A","2020",4.618,
"GBR","HEALTHEXP","TOT","PC_GDP","A","1970",3.971,
"GBR","HEALTHEXP","TOT","PC_GDP","A","1971",4.017,
"GBR","HEALTHEXP","TOT","PC_GDP","A","1972",4.088,
"GBR","HEALTHEXP","TOT","PC_GDP","A","1973",4.019,
"GBR","HEALTHEXP","TOT","PC_GDP","A","1974",4.647,
"GBR","HEALTHEXP","TOT","PC_GDP","A","1975",4.933,
"GBR","HEALTHEXP","TOT","PC_GDP","A","1976",4.949,
"GBR","HEALTHEXP","TOT","PC_GDP","A","1977",4.846,
"GBR","HEALTHEXP","TOT","PC_GDP","A","1978",4.798,
"GBR","HEALTHEXP","TOT","PC_GDP","A","1979",4.74,
"GBR","HEALTHEXP","TOT","PC_GDP","A","1980",5.063,
"GBR","HEALTHEXP","TOT","PC_GDP","A","1981",5.285,
"GBR","HEALTHEXP","TOT","PC_GDP","A","1982",5.123,
"GBR","HEALTHEXP","TOT","PC_GDP","A","1983",5.321,
"GBR","HEALTHEXP","TOT","PC_GDP","A","1984",5.237,
"GBR","HEALTHEXP","TOT","PC_GDP","A","1985",5.14,
"GBR","HEALTHEXP","TOT","PC_GDP","A","1986",5.125,
"GBR","HEALTHEXP","TOT","PC_GDP","A","1987",5.178,
"GBR","HEALTHEXP","TOT","PC_GDP","A","1988",5.089,
"GBR","HEALTHEXP","TOT","PC_GDP","A","1989",5.037,
"GBR","HEALTHEXP","TOT","PC_GDP","A","1990",5.09,
"GBR","HEALTHEXP","TOT","PC_GDP","A","1991",5.486,
"GBR","HEALTHEXP","TOT","PC_GDP","A","1992",5.935,
"GBR","HEALTHEXP","TOT","PC_GDP","A","1993",6.003,
"GBR","HEALTHEXP","TOT","PC_GDP","A","1994",6.078,
"GBR","HEALTHEXP","TOT","PC_GDP","A","1995",5.553,
"GBR","HEALTHEXP","TOT","PC_GDP","A","1996",5.539,
"GBR","HEALTHEXP","TOT","PC_GDP","A","1997",6.846,"B"
"GBR","HEALTHEXP","TOT","PC_GDP","A","1998",6.994,
"GBR","HEALTHEXP","TOT","PC_GDP","A","1999",7.185,
"GBR","HEALTHEXP","TOT","PC_GDP","A","2000",7.191,
"GBR","HEALTHEXP","TOT","PC_GDP","A","2001",7.392,
"GBR","HEALTHEXP","TOT","PC_GDP","A","2002",7.702,
"GBR","HEALTHEXP","TOT","PC_GDP","A","2003",8.074,
"GBR","HEALTHEXP","TOT","PC_GDP","A","2004",8.327,
"GBR","HEALTHEXP","TOT","PC_GDP","A","2005",8.388,
"GBR","HEALTHEXP","TOT","PC_GDP","A","2006",8.627,
"GBR","HEALTHEXP","TOT","PC_GDP","A","2007",8.603,
"GBR","HEALTHEXP","TOT","PC_GDP","A","2008",9.023,
"GBR","HEALTHEXP","TOT","PC_GDP","A","2009",10.034,
"GBR","HEALTHEXP","TOT","PC_GDP","A","2010",9.952,
"GBR","HEALTHEXP","TOT","PC_GDP","A","2011",9.916,
"GBR","HEALTHEXP","TOT","PC_GDP","A","2012",9.932,
"GBR","HEALTHEXP","TOT","PC_GDP","A","2013",9.842,
"GBR","HEALTHEXP","TOT","PC_GDP","A","2014",9.827,
"GBR","HEALTHEXP","TOT","PC_GDP","A","2015",9.755,
"GBR","HEALTHEXP","TOT","PC_GDP","A","2016",9.695,
"GBR","HEALTHEXP","TOT","PC_GDP","A","2017",9.588,
"GBR","HEALTHEXP","TOT","PC_GDP","A","2018",9.658,
"GBR","HEALTHEXP","TOT","PC_GDP","A","2019",9.875,
"GBR","HEALTHEXP","TOT","PC_GDP","A","2020",11.978,
"GBR","HEALTHEXP","TOT","PC_GDP","A","2021",11.939,"P"
"USA","HEALTHEXP","TOT","PC_GDP","A","1970",6.247,
"USA","HEALTHEXP","TOT","PC_GDP","A","1971",6.382,
"USA","HEALTHEXP","TOT","PC_GDP","A","1972",6.516,
"USA","HEALTHEXP","TOT","PC_GDP","A","1973",6.531,
"USA","HEALTHEXP","TOT","PC_GDP","A","1974",6.852,
"USA","HEALTHEXP","TOT","PC_GDP","A","1975",7.188,
"USA","HEALTHEXP","TOT","PC_GDP","A","1976",7.435,
"USA","HEALTHEXP","TOT","PC_GDP","A","1977",7.683,
"USA","HEALTHEXP","TOT","PC_GDP","A","1978",7.656,
"USA","HEALTHEXP","TOT","PC_GDP","A","1979",7.786,
"USA","HEALTHEXP","TOT","PC_GDP","A","1980",8.241,
"USA","HEALTHEXP","TOT","PC_GDP","A","1981",8.526,
"USA","HEALTHEXP","TOT","PC_GDP","A","1982",9.212,
"USA","HEALTHEXP","TOT","PC_GDP","A","1983",9.341,
"USA","HEALTHEXP","TOT","PC_GDP","A","1984",9.291,
"USA","HEALTHEXP","TOT","PC_GDP","A","1985",9.515,
"USA","HEALTHEXP","TOT","PC_GDP","A","1986",9.689,
"USA","HEALTHEXP","TOT","PC_GDP","A","1987",9.862,
"USA","HEALTHEXP","TOT","PC_GDP","A","1988",10.251,
"USA","HEALTHEXP","TOT","PC_GDP","A","1989",10.608,
"USA","HEALTHEXP","TOT","PC_GDP","A","1990",11.24,
"USA","HEALTHEXP","TOT","PC_GDP","A","1991",11.92,
"USA","HEALTHEXP","TOT","PC_GDP","A","1992",12.197,
"USA","HEALTHEXP","TOT","PC_GDP","A","1993",12.455,
"USA","HEALTHEXP","TOT","PC_GDP","A","1994",12.393,
"USA","HEALTHEXP","TOT","PC_GDP","A","1995",12.501,
"USA","HEALTHEXP","TOT","PC_GDP","A","1996",13.878,
"USA","HEALTHEXP","TOT","PC_GDP","A","1997",12.378,
"USA","HEALTHEXP","TOT","PC_GDP","A","1998",12.363,
"USA","HEALTHEXP","TOT","PC_GDP","A","1999",12.348,
"USA","HEALTHEXP","TOT","PC_GDP","A","2000",12.487,
"USA","HEALTHEXP","TOT","PC_GDP","A","2001",13.165,
"USA","HEALTHEXP","TOT","PC_GDP","A","2002",13.992,
"USA","HEALTHEXP","TOT","PC_GDP","A","2003",14.501,
"USA","HEALTHEXP","TOT","PC_GDP","A","2004",14.547,
"USA","HEALTHEXP","TOT","PC_GDP","A","2005",14.574,
"USA","HEALTHEXP","TOT","PC_GDP","A","2006",14.704,
"USA","HEALTHEXP","TOT","PC_GDP","A","2007",14.915,
"USA","HEALTHEXP","TOT","PC_GDP","A","2008",15.205,
"USA","HEALTHEXP","TOT","PC_GDP","A","2009",16.199,
"USA","HEALTHEXP","TOT","PC_GDP","A","2010",16.196,
"USA","HEALTHEXP","TOT","PC_GDP","A","2011",16.138,
"USA","HEALTHEXP","TOT","PC_GDP","A","2012",16.117,
"USA","HEALTHEXP","TOT","PC_GDP","A","2013",15.987,
"USA","HEALTHEXP","TOT","PC_GDP","A","2014",16.192,
"USA","HEALTHEXP","TOT","PC_GDP","A","2015",16.481,
"USA","HEALTHEXP","TOT","PC_GDP","A","2016",16.793,
"USA","HEALTHEXP","TOT","PC_GDP","A","2017",16.768,
"USA","HEALTHEXP","TOT","PC_GDP","A","2018",16.641,
"USA","HEALTHEXP","TOT","PC_GDP","A","2019",16.676,
"USA","HEALTHEXP","TOT","PC_GDP","A","2020",18.816,
"USA","HEALTHEXP","TOT","PC_GDP","A","2021",17.778,"E"
"BRA","HEALTHEXP","TOT","PC_GDP","A","2000",8.335,
"BRA","HEALTHEXP","TOT","PC_GDP","A","2001",8.55,
"BRA","HEALTHEXP","TOT","PC_GDP","A","2002",8.697,
"BRA","HEALTHEXP","TOT","PC_GDP","A","2003",8.189,
"BRA","HEALTHEXP","TOT","PC_GDP","A","2004",8.125,
"BRA","HEALTHEXP","TOT","PC_GDP","A","2005",8.035,
"BRA","HEALTHEXP","TOT","PC_GDP","A","2006",8.25,
"BRA","HEALTHEXP","TOT","PC_GDP","A","2007",8.202,
"BRA","HEALTHEXP","TOT","PC_GDP","A","2008",8.011,
"BRA","HEALTHEXP","TOT","PC_GDP","A","2009",8.395,
"BRA","HEALTHEXP","TOT","PC_GDP","A","2010",7.945,
"BRA","HEALTHEXP","TOT","PC_GDP","A","2011",7.788,
"BRA","HEALTHEXP","TOT","PC_GDP","A","2012",7.736,
"BRA","HEALTHEXP","TOT","PC_GDP","A","2013",7.977,
"BRA","HEALTHEXP","TOT","PC_GDP","A","2014",8.396,
"BRA","HEALTHEXP","TOT","PC_GDP","A","2015",8.909,
"BRA","HEALTHEXP","TOT","PC_GDP","A","2016",9.169,
"BRA","HEALTHEXP","TOT","PC_GDP","A","2017",9.471,
"BRA","HEALTHEXP","TOT","PC_GDP","A","2018",9.465,
"BRA","HEALTHEXP","TOT","PC_GDP","A","2019",9.614,
"CHL","HEALTHEXP","TOT","PC_GDP","A","2000",7.035,
"CHL","HEALTHEXP","TOT","PC_GDP","A","2001",7.151,
"CHL","HEALTHEXP","TOT","PC_GDP","A","2002",7.266,
"CHL","HEALTHEXP","TOT","PC_GDP","A","2003",7.333,
"CHL","HEALTHEXP","TOT","PC_GDP","A","2004",6.901,
"CHL","HEALTHEXP","TOT","PC_GDP","A","2005",6.589,
"CHL","HEALTHEXP","TOT","PC_GDP","A","2006",6.035,
"CHL","HEALTHEXP","TOT","PC_GDP","A","2007",6.175,
"CHL","HEALTHEXP","TOT","PC_GDP","A","2008",6.74,
"CHL","HEALTHEXP","TOT","PC_GDP","A","2009",7.814,
"CHL","HEALTHEXP","TOT","PC_GDP","A","2010",6.775,
"CHL","HEALTHEXP","TOT","PC_GDP","A","2011",6.772,
"CHL","HEALTHEXP","TOT","PC_GDP","A","2012",7.021,
"CHL","HEALTHEXP","TOT","PC_GDP","A","2013",7.445,
"CHL","HEALTHEXP","TOT","PC_GDP","A","2014",7.807,
"CHL","HEALTHEXP","TOT","PC_GDP","A","2015",8.303,
"CHL","HEALTHEXP","TOT","PC_GDP","A","2016",8.519,
"CHL","HEALTHEXP","TOT","PC_GDP","A","2017",9.069,
"CHL","HEALTHEXP","TOT","PC_GDP","A","2018",9.159,
"CHL","HEALTHEXP","TOT","PC_GDP","A","2019",9.333,
"CHL","HEALTHEXP","TOT","PC_GDP","A","2020",9.753,
"CHL","HEALTHEXP","TOT","PC_GDP","A","2021",9.054,"P"
"CHN","HEALTHEXP","TOT","PC_GDP","A","2000",4.487,
"CHN","HEALTHEXP","TOT","PC_GDP","A","2001",4.235,
"CHN","HEALTHEXP","TOT","PC_GDP","A","2002",4.369,
"CHN","HEALTHEXP","TOT","PC_GDP","A","2003",4.409,
"CHN","HEALTHEXP","TOT","PC_GDP","A","2004",4.281,
"CHN","HEALTHEXP","TOT","PC_GDP","A","2005",4.184,
"CHN","HEALTHEXP","TOT","PC_GDP","A","2006",3.95,
"CHN","HEALTHEXP","TOT","PC_GDP","A","2007",3.68,
"CHN","HEALTHEXP","TOT","PC_GDP","A","2008",3.886,
"CHN","HEALTHEXP","TOT","PC_GDP","A","2009",4.339,
"CHN","HEALTHEXP","TOT","PC_GDP","A","2010",4.194,
"CHN","HEALTHEXP","TOT","PC_GDP","A","2011",4.309,
"CHN","HEALTHEXP","TOT","PC_GDP","A","2012",4.57,
"CHN","HEALTHEXP","TOT","PC_GDP","A","2013",4.742,
"CHN","HEALTHEXP","TOT","PC_GDP","A","2014",4.8,
"CHN","HEALTHEXP","TOT","PC_GDP","A","2015",4.961,
"CHN","HEALTHEXP","TOT","PC_GDP","A","2016",4.977,
"CHN","HEALTHEXP","TOT","PC_GDP","A","2017",5.047,
"CHN","HEALTHEXP","TOT","PC_GDP","A","2018",5.148,
"CHN","HEALTHEXP","TOT","PC_GDP","A","2019",5.349,
"EST","HEALTHEXP","TOT","PC_GDP","A","1999",5.674,
"EST","HEALTHEXP","TOT","PC_GDP","A","2000",5.164,
"EST","HEALTHEXP","TOT","PC_GDP","A","2001",4.781,
"EST","HEALTHEXP","TOT","PC_GDP","A","2002",4.703,
"EST","HEALTHEXP","TOT","PC_GDP","A","2003",4.861,
"EST","HEALTHEXP","TOT","PC_GDP","A","2004",5.119,
"EST","HEALTHEXP","TOT","PC_GDP","A","2005",5.055,
"EST","HEALTHEXP","TOT","PC_GDP","A","2006",4.762,
"EST","HEALTHEXP","TOT","PC_GDP","A","2007",4.983,
"EST","HEALTHEXP","TOT","PC_GDP","A","2008",5.717,
"EST","HEALTHEXP","TOT","PC_GDP","A","2009",6.549,
"EST","HEALTHEXP","TOT","PC_GDP","A","2010",6.323,
"EST","HEALTHEXP","TOT","PC_GDP","A","2011",5.819,
"EST","HEALTHEXP","TOT","PC_GDP","A","2012",5.833,
"EST","HEALTHEXP","TOT","PC_GDP","A","2013",6.017,
"EST","HEALTHEXP","TOT","PC_GDP","A","2014",6.362,
"EST","HEALTHEXP","TOT","PC_GDP","A","2015",6.641,
"EST","HEALTHEXP","TOT","PC_GDP","A","2016",6.702,
"EST","HEALTHEXP","TOT","PC_GDP","A","2017",6.597,
"EST","HEALTHEXP","TOT","PC_GDP","A","2018",6.721,
"EST","HEALTHEXP","TOT","PC_GDP","A","2019",6.823,
"EST","HEALTHEXP","TOT","PC_GDP","A","2020",7.752,
"EST","HEALTHEXP","TOT","PC_GDP","A","2021",7.466,"P"
"IND","HEALTHEXP","TOT","PC_GDP","A","2000",4.161,
"IND","HEALTHEXP","TOT","PC_GDP","A","2001",4.396,
"IND","HEALTHEXP","TOT","PC_GDP","A","2002",4.373,
"IND","HEALTHEXP","TOT","PC_GDP","A","2003",4.134,
"IND","HEALTHEXP","TOT","PC_GDP","A","2004",4.081,
"IND","HEALTHEXP","TOT","PC_GDP","A","2005",3.91,
"IND","HEALTHEXP","TOT","PC_GDP","A","2006",3.749,
"IND","HEALTHEXP","TOT","PC_GDP","A","2007",3.628,
"IND","HEALTHEXP","TOT","PC_GDP","A","2008",3.625,
"IND","HEALTHEXP","TOT","PC_GDP","A","2009",3.594,
"IND","HEALTHEXP","TOT","PC_GDP","A","2010",3.375,
"IND","HEALTHEXP","TOT","PC_GDP","A","2011",3.246,
"IND","HEALTHEXP","TOT","PC_GDP","A","2012",3.329,
"IND","HEALTHEXP","TOT","PC_GDP","A","2013",3.749,
"IND","HEALTHEXP","TOT","PC_GDP","A","2014",3.62,
"IND","HEALTHEXP","TOT","PC_GDP","A","2015",3.596,
"IND","HEALTHEXP","TOT","PC_GDP","A","2016",3.504,
"IND","HEALTHEXP","TOT","PC_GDP","A","2017",2.936,
"IND","HEALTHEXP","TOT","PC_GDP","A","2018",2.952,
"IND","HEALTHEXP","TOT","PC_GDP","A","2019",3.014,
"ISR","HEALTHEXP","TOT","PC_GDP","A","1975",4.439,
"ISR","HEALTHEXP","TOT","PC_GDP","A","1976",5.093,
"ISR","HEALTHEXP","TOT","PC_GDP","A","1977",5.743,
"ISR","HEALTHEXP","TOT","PC_GDP","A","1978",6.307,
"ISR","HEALTHEXP","TOT","PC_GDP","A","1979",6.846,
"ISR","HEALTHEXP","TOT","PC_GDP","A","1980",6.939,
"ISR","HEALTHEXP","TOT","PC_GDP","A","1981",6.727,
"ISR","HEALTHEXP","TOT","PC_GDP","A","1982",6.781,
"ISR","HEALTHEXP","TOT","PC_GDP","A","1983",7.252,
"ISR","HEALTHEXP","TOT","PC_GDP","A","1984",8.776,
"ISR","HEALTHEXP","TOT","PC_GDP","A","1985",6.537,
"ISR","HEALTHEXP","TOT","PC_GDP","A","1986",6.088,
"ISR","HEALTHEXP","TOT","PC_GDP","A","1987",6.183,
"ISR","HEALTHEXP","TOT","PC_GDP","A","1988",6.422,
"ISR","HEALTHEXP","TOT","PC_GDP","A","1989",6.894,
"ISR","HEALTHEXP","TOT","PC_GDP","A","1990",6.482,
"ISR","HEALTHEXP","TOT","PC_GDP","A","1991",6.182,
"ISR","HEALTHEXP","TOT","PC_GDP","A","1992",6.441,
"ISR","HEALTHEXP","TOT","PC_GDP","A","1993",6.611,
"ISR","HEALTHEXP","TOT","PC_GDP","A","1994",7.084,
"ISR","HEALTHEXP","TOT","PC_GDP","A","1995",6.899,
"ISR","HEALTHEXP","TOT","PC_GDP","A","1996",6.993,
"ISR","HEALTHEXP","TOT","PC_GDP","A","1997",7.14,
"ISR","HEALTHEXP","TOT","PC_GDP","A","1998",7.083,
"ISR","HEALTHEXP","TOT","PC_GDP","A","1999",6.786,
"ISR","HEALTHEXP","TOT","PC_GDP","A","2000",6.796,
"ISR","HEALTHEXP","TOT","PC_GDP","A","2001",7.223,
"ISR","HEALTHEXP","TOT","PC_GDP","A","2002",7.146,
"ISR","HEALTHEXP","TOT","PC_GDP","A","2003",7.085,
"ISR","HEALTHEXP","TOT","PC_GDP","A","2004",7.021,
"ISR","HEALTHEXP","TOT","PC_GDP","A","2005",7.117,
"ISR","HEALTHEXP","TOT","PC_GDP","A","2006",6.907,"B"
"ISR","HEALTHEXP","TOT","PC_GDP","A","2007",6.878,
"ISR","HEALTHEXP","TOT","PC_GDP","A","2008",6.949,
"ISR","HEALTHEXP","TOT","PC_GDP","A","2009",7.05,
"ISR","HEALTHEXP","TOT","PC_GDP","A","2010",6.997,
"ISR","HEALTHEXP","TOT","PC_GDP","A","2011",6.956,
"ISR","HEALTHEXP","TOT","PC_GDP","A","2012",7.081,
"ISR","HEALTHEXP","TOT","PC_GDP","A","2013",7.042,
"ISR","HEALTHEXP","TOT","PC_GDP","A","2014",7.122,
"ISR","HEALTHEXP","TOT","PC_GDP","A","2015",7.1,
"ISR","HEALTHEXP","TOT","PC_GDP","A","2016",7.164,
"ISR","HEALTHEXP","TOT","PC_GDP","A","2017",7.236,
"ISR","HEALTHEXP","TOT","PC_GDP","A","2018",7.287,
"ISR","HEALTHEXP","TOT","PC_GDP","A","2019",7.473,
"ISR","HEALTHEXP","TOT","PC_GDP","A","2020",8.32,
"SVN","HEALTHEXP","TOT","PC_GDP","A","2000",7.804,"E"
"SVN","HEALTHEXP","TOT","PC_GDP","A","2001",7.876,"E"
"SVN","HEALTHEXP","TOT","PC_GDP","A","2002",8.021,
"SVN","HEALTHEXP","TOT","PC_GDP","A","2003",8.099,
"SVN","HEALTHEXP","TOT","PC_GDP","A","2004",7.94,
"SVN","HEALTHEXP","TOT","PC_GDP","A","2005",7.996,
"SVN","HEALTHEXP","TOT","PC_GDP","A","2006",7.823,
"SVN","HEALTHEXP","TOT","PC_GDP","A","2007",7.511,
"SVN","HEALTHEXP","TOT","PC_GDP","A","2008",7.855,
"SVN","HEALTHEXP","TOT","PC_GDP","A","2009",8.541,
"SVN","HEALTHEXP","TOT","PC_GDP","A","2010",8.565,
"SVN","HEALTHEXP","TOT","PC_GDP","A","2011",8.536,
"SVN","HEALTHEXP","TOT","PC_GDP","A","2012",8.715,
"SVN","HEALTHEXP","TOT","PC_GDP","A","2013",8.74,
"SVN","HEALTHEXP","TOT","PC_GDP","A","2014",8.502,"B"
"SVN","HEALTHEXP","TOT","PC_GDP","A","2015",8.517,
"SVN","HEALTHEXP","TOT","PC_GDP","A","2016",8.478,
"SVN","HEALTHEXP","TOT","PC_GDP","A","2017",8.185,
"SVN","HEALTHEXP","TOT","PC_GDP","A","2018",8.279,
"SVN","HEALTHEXP","TOT","PC_GDP","A","2019",8.523,
"SVN","HEALTHEXP","TOT","PC_GDP","A","2020",9.517,
"ZAF","HEALTHEXP","TOT","PC_GDP","A","2000",8.165,
"ZAF","HEALTHEXP","TOT","PC_GDP","A","2001",7.939,
"ZAF","HEALTHEXP","TOT","PC_GDP","A","2002",7.464,
"ZAF","HEALTHEXP","TOT","PC_GDP","A","2003",7.915,
"ZAF","HEALTHEXP","TOT","PC_GDP","A","2004",7.765,
"ZAF","HEALTHEXP","TOT","PC_GDP","A","2005",7.69,
"ZAF","HEALTHEXP","TOT","PC_GDP","A","2006",7.692,
"ZAF","HEALTHEXP","TOT","PC_GDP","A","2007",7.681,
"ZAF","HEALTHEXP","TOT","PC_GDP","A","2008",7.88,
"ZAF","HEALTHEXP","TOT","PC_GDP","A","2009",8.524,
"ZAF","HEALTHEXP","TOT","PC_GDP","A","2010",8.666,
"ZAF","HEALTHEXP","TOT","PC_GDP","A","2011",8.741,
"ZAF","HEALTHEXP","TOT","PC_GDP","A","2012",8.773,
"ZAF","HEALTHEXP","TOT","PC_GDP","A","2013",8.856,
"ZAF","HEALTHEXP","TOT","PC_GDP","A","2014",8.551,
"ZAF","HEALTHEXP","TOT","PC_GDP","A","2015",8.79,
"ZAF","HEALTHEXP","TOT","PC_GDP","A","2016",8.821,
"ZAF","HEALTHEXP","TOT","PC_GDP","A","2017",8.723,
"ZAF","HEALTHEXP","TOT","PC_GDP","A","2018",8.858,
"ZAF","HEALTHEXP","TOT","PC_GDP","A","2019",9.109,
"COL","HEALTHEXP","TOT","PC_GDP","A","2000",5.635,
"COL","HEALTHEXP","TOT","PC_GDP","A","2001",5.942,
"COL","HEALTHEXP","TOT","PC_GDP","A","2002",5.733,
"COL","HEALTHEXP","TOT","PC_GDP","A","2003",5.775,
"COL","HEALTHEXP","TOT","PC_GDP","A","2004",5.799,
"COL","HEALTHEXP","TOT","PC_GDP","A","2005",6.067,
"COL","HEALTHEXP","TOT","PC_GDP","A","2006",6.336,
"COL","HEALTHEXP","TOT","PC_GDP","A","2007",6.491,
"COL","HEALTHEXP","TOT","PC_GDP","A","2008",6.842,
"COL","HEALTHEXP","TOT","PC_GDP","A","2009",7.311,
"COL","HEALTHEXP","TOT","PC_GDP","A","2010",7.071,
"COL","HEALTHEXP","TOT","PC_GDP","A","2011",6.781,
"COL","HEALTHEXP","TOT","PC_GDP","A","2012",6.746,
"COL","HEALTHEXP","TOT","PC_GDP","A","2013",7.017,
"COL","HEALTHEXP","TOT","PC_GDP","A","2014",7.186,
"COL","HEALTHEXP","TOT","PC_GDP","A","2015",7.523,
"COL","HEALTHEXP","TOT","PC_GDP","A","2016",7.531,
"COL","HEALTHEXP","TOT","PC_GDP","A","2017",7.679,
"COL","HEALTHEXP","TOT","PC_GDP","A","2018",7.625,
"COL","HEALTHEXP","TOT","PC_GDP","A","2019",8.117,
"COL","HEALTHEXP","TOT","PC_GDP","A","2020",8.993,
"LVA","HEALTHEXP","TOT","PC_GDP","A","2000",5.433,"E"
"LVA","HEALTHEXP","TOT","PC_GDP","A","2001",5.77,"E"
"LVA","HEALTHEXP","TOT","PC_GDP","A","2002",5.763,"E"
"LVA","HEALTHEXP","TOT","PC_GDP","A","2003",5.479,"E"
"LVA","HEALTHEXP","TOT","PC_GDP","A","2004",6.202,
"LVA","HEALTHEXP","TOT","PC_GDP","A","2005",5.832,
"LVA","HEALTHEXP","TOT","PC_GDP","A","2006",5.704,
"LVA","HEALTHEXP","TOT","PC_GDP","A","2007",5.512,
"LVA","HEALTHEXP","TOT","PC_GDP","A","2008",5.585,
"LVA","HEALTHEXP","TOT","PC_GDP","A","2009",6.098,
"LVA","HEALTHEXP","TOT","PC_GDP","A","2010",6.097,
"LVA","HEALTHEXP","TOT","PC_GDP","A","2011",5.724,
"LVA","HEALTHEXP","TOT","PC_GDP","A","2012",5.41,
"LVA","HEALTHEXP","TOT","PC_GDP","A","2013",5.409,
"LVA","HEALTHEXP","TOT","PC_GDP","A","2014",5.463,
"LVA","HEALTHEXP","TOT","PC_GDP","A","2015",5.652,
"LVA","HEALTHEXP","TOT","PC_GDP","A","2016",6.133,
"LVA","HEALTHEXP","TOT","PC_GDP","A","2017",5.965,
"LVA","HEALTHEXP","TOT","PC_GDP","A","2018",6.189,
"LVA","HEALTHEXP","TOT","PC_GDP","A","2019",6.53,
"LVA","HEALTHEXP","TOT","PC_GDP","A","2020",7.36,
"LTU","HEALTHEXP","TOT","PC_GDP","A","2000",6.2,"E"
"LTU","HEALTHEXP","TOT","PC_GDP","A","2001",6.013,"E"
"LTU","HEALTHEXP","TOT","PC_GDP","A","2002",6.144,"E"
"LTU","HEALTHEXP","TOT","PC_GDP","A","2003",6.186,"E"
"LTU","HEALTHEXP","TOT","PC_GDP","A","2004",5.511,"B"
"LTU","HEALTHEXP","TOT","PC_GDP","A","2005",5.648,
"LTU","HEALTHEXP","TOT","PC_GDP","A","2006",5.844,"B"
"LTU","HEALTHEXP","TOT","PC_GDP","A","2007",5.764,
"LTU","HEALTHEXP","TOT","PC_GDP","A","2008",6.294,
"LTU","HEALTHEXP","TOT","PC_GDP","A","2009",7.366,
"LTU","HEALTHEXP","TOT","PC_GDP","A","2010",6.815,
"LTU","HEALTHEXP","TOT","PC_GDP","A","2011",6.488,
"LTU","HEALTHEXP","TOT","PC_GDP","A","2012",6.276,
"LTU","HEALTHEXP","TOT","PC_GDP","A","2013",6.126,
"LTU","HEALTHEXP","TOT","PC_GDP","A","2014",6.193,
"LTU","HEALTHEXP","TOT","PC_GDP","A","2015",6.49,
"LTU","HEALTHEXP","TOT","PC_GDP","A","2016",6.638,
"LTU","HEALTHEXP","TOT","PC_GDP","A","2017",6.464,
"LTU","HEALTHEXP","TOT","PC_GDP","A","2018",6.53,
"LTU","HEALTHEXP","TOT","PC_GDP","A","2019",6.999,
"LTU","HEALTHEXP","TOT","PC_GDP","A","2020",7.538,"P"
"LTU","HEALTHEXP","TOT","PC_GDP","A","2021",7.852,"P"
"CRI","HEALTHEXP","TOT","PC_GDP","A","2000",6.565,
"CRI","HEALTHEXP","TOT","PC_GDP","A","2001",6.474,
"CRI","HEALTHEXP","TOT","PC_GDP","A","2002",6.869,
"CRI","HEALTHEXP","TOT","PC_GDP","A","2003",6.969,
"CRI","HEALTHEXP","TOT","PC_GDP","A","2004",6.63,
"CRI","HEALTHEXP","TOT","PC_GDP","A","2005",6.664,
"CRI","HEALTHEXP","TOT","PC_GDP","A","2006",6.935,
"CRI","HEALTHEXP","TOT","PC_GDP","A","2007",6.996,
"CRI","HEALTHEXP","TOT","PC_GDP","A","2008",7.469,
"CRI","HEALTHEXP","TOT","PC_GDP","A","2009",7.86,
"CRI","HEALTHEXP","TOT","PC_GDP","A","2010",8.029,
"CRI","HEALTHEXP","TOT","PC_GDP","A","2011",8.112,
"CRI","HEALTHEXP","TOT","PC_GDP","A","2012",7.782,
"CRI","HEALTHEXP","TOT","PC_GDP","A","2013",7.679,
"CRI","HEALTHEXP","TOT","PC_GDP","A","2014",7.662,
"CRI","HEALTHEXP","TOT","PC_GDP","A","2015",7.592,
"CRI","HEALTHEXP","TOT","PC_GDP","A","2016",7.315,
"CRI","HEALTHEXP","TOT","PC_GDP","A","2017",7.045,
"CRI","HEALTHEXP","TOT","PC_GDP","A","2018",7.286,
"CRI","HEALTHEXP","TOT","PC_GDP","A","2019",7.221,
"CRI","HEALTHEXP","TOT","PC_GDP","A","2020",7.877,
"ALB","HEALTHEXP","TOT","PC_GDP","A","2010",4.746,
"ALB","HEALTHEXP","TOT","PC_GDP","A","2011",4.795,
"ALB","HEALTHEXP","TOT","PC_GDP","A","2012",5.055,
"ALB","HEALTHEXP","TOT","PC_GDP","A","2013",5.386,
"ALB","HEALTHEXP","TOT","PC_GDP","A","2014",5.503,
"ALB","HEALTHEXP","TOT","PC_GDP","A","2015",4.896,
"ALB","HEALTHEXP","TOT","PC_GDP","A","2016",4.916,
"ALB","HEALTHEXP","TOT","PC_GDP","A","2017",5.013,
"ALB","HEALTHEXP","TOT","PC_GDP","A","2018",5.229,
"BGR","HEALTHEXP","TOT","PC_GDP","A","2003",7.2,
"BGR","HEALTHEXP","TOT","PC_GDP","A","2004",6.891,
"BGR","HEALTHEXP","TOT","PC_GDP","A","2005",6.89,
"BGR","HEALTHEXP","TOT","PC_GDP","A","2006",6.525,
"BGR","HEALTHEXP","TOT","PC_GDP","A","2007",6.16,
"BGR","HEALTHEXP","TOT","PC_GDP","A","2008",6.288,
"BGR","HEALTHEXP","TOT","PC_GDP","A","2009",6.596,
"BGR","HEALTHEXP","TOT","PC_GDP","A","2010",7.096,
"BGR","HEALTHEXP","TOT","PC_GDP","A","2011",7.103,
"BGR","HEALTHEXP","TOT","PC_GDP","A","2012",7.539,
"BGR","HEALTHEXP","TOT","PC_GDP","A","2013",7.143,
"BGR","HEALTHEXP","TOT","PC_GDP","A","2014",7.683,
"BGR","HEALTHEXP","TOT","PC_GDP","A","2015",7.391,
"BGR","HEALTHEXP","TOT","PC_GDP","A","2016",7.457,
"BGR","HEALTHEXP","TOT","PC_GDP","A","2017",7.492,
"BGR","HEALTHEXP","TOT","PC_GDP","A","2018",7.329,
"BGR","HEALTHEXP","TOT","PC_GDP","A","2019",7.089,
"BGR","HEALTHEXP","TOT","PC_GDP","A","2020",8.496,
"HRV","HEALTHEXP","TOT","PC_GDP","A","2005",6.847,"E"
"HRV","HEALTHEXP","TOT","PC_GDP","A","2006",6.919,"E"
"HRV","HEALTHEXP","TOT","PC_GDP","A","2007",7.417,"E"
"HRV","HEALTHEXP","TOT","PC_GDP","A","2008",7.672,"E"
"HRV","HEALTHEXP","TOT","PC_GDP","A","2009",8.113,"E"
"HRV","HEALTHEXP","TOT","PC_GDP","A","2010",8.021,"E"
"HRV","HEALTHEXP","TOT","PC_GDP","A","2011",7.493,"B"
"HRV","HEALTHEXP","TOT","PC_GDP","A","2012",7.518,
"HRV","HEALTHEXP","TOT","PC_GDP","A","2013",6.441,"B"
"HRV","HEALTHEXP","TOT","PC_GDP","A","2014",6.621,
"HRV","HEALTHEXP","TOT","PC_GDP","A","2015",6.701,
"HRV","HEALTHEXP","TOT","PC_GDP","A","2016",6.739,
"HRV","HEALTHEXP","TOT","PC_GDP","A","2017",6.67,
"HRV","HEALTHEXP","TOT","PC_GDP","A","2018",6.758,
"HRV","HEALTHEXP","TOT","PC_GDP","A","2019",6.811,
"HRV","HEALTHEXP","TOT","PC_GDP","A","2020",7.765,
"CYP","HEALTHEXP","TOT","PC_GDP","A","2005",5.406,
"CYP","HEALTHEXP","TOT","PC_GDP","A","2006",5.437,
"CYP","HEALTHEXP","TOT","PC_GDP","A","2007",5.323,
"CYP","HEALTHEXP","TOT","PC_GDP","A","2008",6.022,
"CYP","HEALTHEXP","TOT","PC_GDP","A","2009",6.469,
"CYP","HEALTHEXP","TOT","PC_GDP","A","2010",6.518,
"CYP","HEALTHEXP","TOT","PC_GDP","A","2011",6.449,
"CYP","HEALTHEXP","TOT","PC_GDP","A","2012",6.555,
"CYP","HEALTHEXP","TOT","PC_GDP","A","2013",6.945,
"CYP","HEALTHEXP","TOT","PC_GDP","A","2014",6.952,
"CYP","HEALTHEXP","TOT","PC_GDP","A","2015",6.817,
"CYP","HEALTHEXP","TOT","PC_GDP","A","2016",6.682,
"CYP","HEALTHEXP","TOT","PC_GDP","A","2017",6.644,
"CYP","HEALTHEXP","TOT","PC_GDP","A","2018",6.846,
"CYP","HEALTHEXP","TOT","PC_GDP","A","2019",6.949,
"CYP","HEALTHEXP","TOT","PC_GDP","A","2020",8.093,
"MKD","HEALTHEXP","TOT","PC_GDP","A","2010",6.714,
"MKD","HEALTHEXP","TOT","PC_GDP","A","2011",6.519,
"MKD","HEALTHEXP","TOT","PC_GDP","A","2012",6.615,
"MKD","HEALTHEXP","TOT","PC_GDP","A","2013",6.719,
"MKD","HEALTHEXP","TOT","PC_GDP","A","2014",6.29,
"MKD","HEALTHEXP","TOT","PC_GDP","A","2015",6.342,
"MKD","HEALTHEXP","TOT","PC_GDP","A","2016",6.379,
"MKD","HEALTHEXP","TOT","PC_GDP","A","2017",6.594,
"MKD","HEALTHEXP","TOT","PC_GDP","A","2018",6.555,
"MKD","HEALTHEXP","TOT","PC_GDP","A","2019",7.22,
"MLT","HEALTHEXP","TOT","PC_GDP","A","2003",7.904,"E"
"MLT","HEALTHEXP","TOT","PC_GDP","A","2004",8.046,"E"
"MLT","HEALTHEXP","TOT","PC_GDP","A","2005",8.674,"E"
"MLT","HEALTHEXP","TOT","PC_GDP","A","2006",8.817,"E"
"MLT","HEALTHEXP","TOT","PC_GDP","A","2007",8.168,"E"
"MLT","HEALTHEXP","TOT","PC_GDP","A","2008",7.867,"E"
"MLT","HEALTHEXP","TOT","PC_GDP","A","2009",7.924,"E"
"MLT","HEALTHEXP","TOT","PC_GDP","A","2010",7.949,"E"
"MLT","HEALTHEXP","TOT","PC_GDP","A","2011",8.45,"E"
"MLT","HEALTHEXP","TOT","PC_GDP","A","2012",8.758,"E"
"MLT","HEALTHEXP","TOT","PC_GDP","A","2013",9.172,"E"
"MLT","HEALTHEXP","TOT","PC_GDP","A","2014",9.085,"B"
"MLT","HEALTHEXP","TOT","PC_GDP","A","2015",8.898,
"MLT","HEALTHEXP","TOT","PC_GDP","A","2016",8.966,
"MLT","HEALTHEXP","TOT","PC_GDP","A","2017",8.806,
"MLT","HEALTHEXP","TOT","PC_GDP","A","2018",8.564,
"MLT","HEALTHEXP","TOT","PC_GDP","A","2019",8.938,
"ROU","HEALTHEXP","TOT","PC_GDP","A","2003",5.371,
"ROU","HEALTHEXP","TOT","PC_GDP","A","2004",5.477,
"ROU","HEALTHEXP","TOT","PC_GDP","A","2005",5.528,
"ROU","HEALTHEXP","TOT","PC_GDP","A","2006",5.071,
"ROU","HEALTHEXP","TOT","PC_GDP","A","2007",5.023,
"ROU","HEALTHEXP","TOT","PC_GDP","A","2008",5.023,
"ROU","HEALTHEXP","TOT","PC_GDP","A","2009",5.278,
"ROU","HEALTHEXP","TOT","PC_GDP","A","2010",5.766,
"ROU","HEALTHEXP","TOT","PC_GDP","A","2011",4.702,"B"
"ROU","HEALTHEXP","TOT","PC_GDP","A","2012",4.733,
"ROU","HEALTHEXP","TOT","PC_GDP","A","2013",5.197,
"ROU","HEALTHEXP","TOT","PC_GDP","A","2014",5.022,
"ROU","HEALTHEXP","TOT","PC_GDP","A","2015",4.947,
"ROU","HEALTHEXP","TOT","PC_GDP","A","2016",5.003,
"ROU","HEALTHEXP","TOT","PC_GDP","A","2017",5.151,
"ROU","HEALTHEXP","TOT","PC_GDP","A","2018",5.561,
"ROU","HEALTHEXP","TOT","PC_GDP","A","2019",5.74,
"ROU","HEALTHEXP","TOT","PC_GDP","A","2020",6.272,
"SRB","HEALTHEXP","TOT","PC_GDP","A","2010",9.527,
"SRB","HEALTHEXP","TOT","PC_GDP","A","2011",9.114,
"SRB","HEALTHEXP","TOT","PC_GDP","A","2012",9.328,
"SRB","HEALTHEXP","TOT","PC_GDP","A","2013",9.312,
"SRB","HEALTHEXP","TOT","PC_GDP","A","2014",9.246,
"SRB","HEALTHEXP","TOT","PC_GDP","A","2015",8.813,
"SRB","HEALTHEXP","TOT","PC_GDP","A","2016",8.459,
"SRB","HEALTHEXP","TOT","PC_GDP","A","2017",8.22,
"SRB","HEALTHEXP","TOT","PC_GDP","A","2018",8.532,
"SRB","HEALTHEXP","TOT","PC_GDP","A","2019",8.665,
"MNE","HEALTHEXP","TOT","PC_GDP","A","2011",7.967,
"MNE","HEALTHEXP","TOT","PC_GDP","A","2012",8.294,
"MNE","HEALTHEXP","TOT","PC_GDP","A","2013",8.47,
"MNE","HEALTHEXP","TOT","PC_GDP","A","2014",8.001,
"MNE","HEALTHEXP","TOT","PC_GDP","A","2015",9.023,
"MNE","HEALTHEXP","TOT","PC_GDP","A","2016",8.633,
"MNE","HEALTHEXP","TOT","PC_GDP","A","2017",7.982,
"MNE","HEALTHEXP","TOT","PC_GDP","A","2018",8.343,
"MNE","HEALTHEXP","TOT","PC_GDP","A","2019",8.33,
"ARG","HEALTHEXP","TOT","PC_GDP","A","2000",8.22,
"ARG","HEALTHEXP","TOT","PC_GDP","A","2001",8.372,
"ARG","HEALTHEXP","TOT","PC_GDP","A","2002",7.393,
"ARG","HEALTHEXP","TOT","PC_GDP","A","2003",6.895,
"ARG","HEALTHEXP","TOT","PC_GDP","A","2004",7.229,
"ARG","HEALTHEXP","TOT","PC_GDP","A","2005",7.611,
"ARG","HEALTHEXP","TOT","PC_GDP","A","2006",7.64,
"ARG","HEALTHEXP","TOT","PC_GDP","A","2007",7.835,
"ARG","HEALTHEXP","TOT","PC_GDP","A","2008",8.183,
"ARG","HEALTHEXP","TOT","PC_GDP","A","2009",9.456,
"ARG","HEALTHEXP","TOT","PC_GDP","A","2010",9.445,
"ARG","HEALTHEXP","TOT","PC_GDP","A","2011",9.418,
"ARG","HEALTHEXP","TOT","PC_GDP","A","2012",9.827,
"ARG","HEALTHEXP","TOT","PC_GDP","A","2013",9.781,
"ARG","HEALTHEXP","TOT","PC_GDP","A","2014",9.671,
"ARG","HEALTHEXP","TOT","PC_GDP","A","2015",10.229,
"ARG","HEALTHEXP","TOT","PC_GDP","A","2016",9.002,
"ARG","HEALTHEXP","TOT","PC_GDP","A","2017",10.442,
"ARG","HEALTHEXP","TOT","PC_GDP","A","2018",9.666,
"ARG","HEALTHEXP","TOT","PC_GDP","A","2019",9.51,
"PER","HEALTHEXP","TOT","PC_GDP","A","2000",4.415,
"PER","HEALTHEXP","TOT","PC_GDP","A","2001",4.722,
"PER","HEALTHEXP","TOT","PC_GDP","A","2002",4.939,
"PER","HEALTHEXP","TOT","PC_GDP","A","2003",4.587,
"PER","HEALTHEXP","TOT","PC_GDP","A","2004",4.43,
"PER","HEALTHEXP","TOT","PC_GDP","A","2005",4.666,
"PER","HEALTHEXP","TOT","PC_GDP","A","2006",4.41,
"PER","HEALTHEXP","TOT","PC_GDP","A","2007",4.426,
"PER","HEALTHEXP","TOT","PC_GDP","A","2008",4.514,
"PER","HEALTHEXP","TOT","PC_GDP","A","2009",4.976,
"PER","HEALTHEXP","TOT","PC_GDP","A","2010",4.715,
"PER","HEALTHEXP","TOT","PC_GDP","A","2011",4.533,
"PER","HEALTHEXP","TOT","PC_GDP","A","2012",4.74,
"PER","HEALTHEXP","TOT","PC_GDP","A","2013",4.76,
"PER","HEALTHEXP","TOT","PC_GDP","A","2014",4.979,
"PER","HEALTHEXP","TOT","PC_GDP","A","2015",4.98,
"PER","HEALTHEXP","TOT","PC_GDP","A","2016",4.973,
"PER","HEALTHEXP","TOT","PC_GDP","A","2017",4.918,
"PER","HEALTHEXP","TOT","PC_GDP","A","2018",5.198,
"PER","HEALTHEXP","TOT","PC_GDP","A","2019",5.215,
