country;Year;UD
Argentina;2017;
Argentina;2016;
Argentina;2015;
Argentina;2014;31.89699233
Argentina;2013;30.43495667
Argentina;2012;29.99753283
Argentina;2011;31.81780195
Argentina;2010;30.14027414
Argentina;2009;31.63118235
Argentina;2008;30.6871118
Argentina;2007;
Argentina;2006;
Argentina;2005;37.02781495
Argentina;2004;
Argentina;2003;
Argentina;2002;
Argentina;2001;
Argentina;2000;31.71260152
Argentina;1999;
Argentina;1998;
Argentina;1997;40.72075741
Argentina;1996;
Argentina;1995;
Argentina;1994;
Argentina;1993;45.5
Argentina;1992;
Argentina;1991;
Argentina;1990;
Argentina;1989;
Argentina;1988;
Argentina;1987;
Argentina;1986;44.08108108
Argentina;1985;
Argentina;1984;
Argentina;1983;
Argentina;1982;41
Argentina;1981;
Argentina;1980;42
Argentina;1979;42
Argentina;1978;
Argentina;1977;
Argentina;1976;
Argentina;1975;
Argentina;1974;43
Argentina;1973;43
Argentina;1972;
Argentina;1971;
Argentina;1970;
Argentina;1969;
Argentina;1968;
Argentina;1967;
Argentina;1966;
Argentina;1965;36
Argentina;1964;
Argentina;1963;
Argentina;1962;40
Argentina;1961;
Argentina;1960;
Australia;2017;15
Australia;2016;
Australia;2015;
Australia;2014;
Australia;2013;17.06446244
Australia;2012;
Australia;2011;
Australia;2010;
Australia;2009;
Australia;2008;18.54417856
Australia;2007;
Australia;2006;
Australia;2005;
Australia;2004;
Australia;2003;23.15365525
Australia;2002;
Australia;2001;
Australia;2000;24.83061151
Australia;1999;25.21205642
Australia;1998;27.85240314
Australia;1997;29.53774227
Australia;1996;30.98341752
Australia;1995;31.38259921
Australia;1994;33.7840752
Australia;1993;37.72140882
Australia;1992;39.16458626
Australia;1991;41.9990381
Australia;1990;41.31773624
Australia;1989;41.42173125
Australia;1988;42.78724497
Australia;1987;44.41653543
Australia;1986;45.44134314
Australia;1985;46.13356675
Australia;1984;46.39254518
Australia;1983;47.32273447
Australia;1982;49.3651205
Australia;1981;49.05454209
Australia;1980;49.63658791
Australia;1979;49.58738953
Australia;1978;49.22977041
Australia;1977;49.05593019
Australia;1976;49.46821271
Australia;1975;50.0639872
Australia;1974;48.80023876
Australia;1973;47.2343406
Australia;1972;46.33092037
Australia;1971;45.38865546
Australia;1970;44.15358142
Australia;1969;44.37794217
Australia;1968;44.78983834
Australia;1967;45.02021403
Australia;1966;45.83517292
Australia;1965;47.8863461
Australia;1964;48.19296375
Australia;1963;49.16341327
Australia;1962;49.52106174
Australia;1961;49.47181009
Australia;1960;50.17292785
Austria;2017;26.66972813
Austria;2016;26.92521351
Austria;2015;27.37408853
Austria;2014;27.73215235
Austria;2013;27.76734572
Austria;2012;27.97462649
Austria;2011;28.31767134
Austria;2010;28.87639481
Austria;2009;29.33576026
Austria;2008;29.60472679
Austria;2007;30.41042428
Austria;2006;31.55311986
Austria;2005;33.78845773
Austria;2004;34.8025699
Austria;2003;34.60352306
Austria;2002;36.04666444
Austria;2001;36.23192301
Austria;2000;36.9373673
Austria;1999;37.88266805
Austria;1998;38.35694772
Austria;1997;38.8973678
Austria;1996;40.12163059
Austria;1995;41.08525747
Austria;1994;41.50196539
Austria;1993;44.0377377
Austria;1992;44.52232136
Austria;1991;45.50651993
Austria;1990;46.83775449
Austria;1989;48.0000349
Austria;1988;49.07564011
Austria;1987;50.10741007
Austria;1986;50.90526505
Austria;1985;51.31436834
Austria;1984;51.98281293
Austria;1983;52.02263875
Austria;1982;52.06091829
Austria;1981;51.85266166
Austria;1980;51.65500089
Austria;1979;51.45642594
Austria;1978;51.53890448
Austria;1977;51.72371923
Austria;1976;52.35236857
Austria;1975;52.55586907
Austria;1974;52.41784038
Austria;1973;52.79434413
Austria;1972;54.30632811
Austria;1971;55.2579215
Austria;1970;56.68954412
Austria;1969;57.54228729
Austria;1968;58.04934203
Austria;1967;57.65616046
Austria;1966;58.29152685
Austria;1965;58.55719992
Austria;1964;58.95779001
Austria;1963;59.34346154
Austria;1962;58.98721129
Austria;1961;59.58577586
Austria;1960;60.07359649
Belgium;2017;
Belgium;2016;52.84423701
Belgium;2015;54.23404507
Belgium;2014;53.81960013
Belgium;2013;55.14801519
Belgium;2012;55.0488326
Belgium;2011;55.11168663
Belgium;2010;53.83723807
Belgium;2009;54.91200935
Belgium;2008;54.48818898
Belgium;2007;54.6839381
Belgium;2006;54.86869915
Belgium;2005;53.701562
Belgium;2004;54.02563447
Belgium;2003;54.15871915
Belgium;2002;55.57048345
Belgium;2001;56.3617734
Belgium;2000;56.20024239
Belgium;1999;54.27051581
Belgium;1998;55.13149455
Belgium;1997;55.57913986
Belgium;1996;56.02425521
Belgium;1995;55.71944711
Belgium;1994;54.64937496
Belgium;1993;54.9758293
Belgium;1992;54.32708128
Belgium;1991;54.34283841
Belgium;1990;53.94952475
Belgium;1989;52.8452579
Belgium;1988;50.93062606
Belgium;1987;51.63174167
Belgium;1986;51.53395381
Belgium;1985;52.41068332
Belgium;1984;51.97070108
Belgium;1983;51.89301841
Belgium;1982;52.12038304
Belgium;1981;53.36021505
Belgium;1980;54.11340544
Belgium;1979;53.45245902
Belgium;1978;53.41277723
Belgium;1977;54.34667549
Belgium;1976;53.4212261
Belgium;1975;51.86351706
Belgium;1974;49.12087912
Belgium;1973;47.95244386
Belgium;1972;46.7896679
Belgium;1971;43.93001346
Belgium;1970;42.07179487
Belgium;1969;41.97790818
Belgium;1968;42.01204392
Belgium;1967;41.23627347
Belgium;1966;40.3030303
Belgium;1965;39.86150568
Belgium;1964;39.34938893
Belgium;1963;39.77818854
Belgium;1962;38.89642185
Belgium;1961;40.44718581
Belgium;1960;41.46954813
Brazil;2017;
Brazil;2016;21.32942294
Brazil;2015;21.90417222
Brazil;2014;18.39387857
Brazil;2013;17.43514104
Brazil;2012;18.16712309
Brazil;2011;17.75248931
Brazil;2010;
Brazil;2009;19.09023677
Brazil;2008;19.52559486
Brazil;2007;19.12250276
Brazil;2006;20.51796333
Brazil;2005;20.58838582
Brazil;2004;20.16456029
Brazil;2003;20.6
Brazil;2002;19.72038341
Brazil;2001;19.52933904
Brazil;2000;20.27130567
Brazil;1999;20.14712655
Brazil;1998;19.30844946
Brazil;1997;19.61096736
Brazil;1996;19.93109693
Brazil;1995;19.95238395
Brazil;1994;20.17575129
Brazil;1993;19.95586688
Brazil;1992;20.34849881
Brazil;1991;
Brazil;1990;18.68738239
Brazil;1989;
Brazil;1988;19.36109752
Brazil;1987;
Brazil;1986;
Brazil;1985;
Brazil;1984;
Brazil;1983;
Brazil;1982;
Brazil;1981;
Brazil;1980;
Brazil;1979;
Brazil;1978;
Brazil;1977;
Brazil;1976;
Brazil;1975;
Brazil;1974;
Brazil;1973;
Brazil;1972;
Brazil;1971;
Brazil;1970;
Brazil;1969;
Brazil;1968;
Brazil;1967;
Brazil;1966;
Brazil;1965;
Brazil;1964;
Brazil;1963;
Brazil;1962;
Brazil;1961;
Brazil;1960;
Bulgaria;2017;
Bulgaria;2016;13.87928408
Bulgaria;2015;13.78823529
Bulgaria;2014;14.00503486
Bulgaria;2013;13.74170579
Bulgaria;2012;13.41769261
Bulgaria;2011;13.88590088
Bulgaria;2010;14.63541667
Bulgaria;2009;15.08713985
Bulgaria;2008;15.55308979
Bulgaria;2007;17.21609276
Bulgaria;2006;
Bulgaria;2005;18.61231912
Bulgaria;2004;
Bulgaria;2003;23.18984032
Bulgaria;2002;
Bulgaria;2001;
Bulgaria;2000;23.01613558
Bulgaria;1999;
Bulgaria;1998;29.68348476
Bulgaria;1997;32.60866758
Bulgaria;1996;
Bulgaria;1995;
Bulgaria;1994;
Bulgaria;1993;69.02487879
Bulgaria;1992;
Bulgaria;1991;
Bulgaria;1990;81.24242424
Bulgaria;1989;
Bulgaria;1988;
Bulgaria;1987;
Bulgaria;1986;
Bulgaria;1985;
Bulgaria;1984;
Bulgaria;1983;
Bulgaria;1982;
Bulgaria;1981;
Bulgaria;1980;
Bulgaria;1979;
Bulgaria;1978;97.54489761
Bulgaria;1977;
Bulgaria;1976;
Bulgaria;1975;
Bulgaria;1974;
Bulgaria;1973;
Bulgaria;1972;
Bulgaria;1971;
Bulgaria;1970;
Bulgaria;1969;
Bulgaria;1968;
Bulgaria;1967;
Bulgaria;1966;
Bulgaria;1965;
Bulgaria;1964;
Bulgaria;1963;
Bulgaria;1962;
Bulgaria;1961;
Bulgaria;1960;
Canada;2017;
Canada;2016;
Canada;2015;29.44272142
Canada;2014;29.26272371
Canada;2013;29.20507908
Canada;2012;29.80274173
Canada;2011;29.77036455
Canada;2010;30.05742115
Canada;2009;30.69532004
Canada;2008;29.8181206
Canada;2007;30.19364171
Canada;2006;30.08811519
Canada;2005;30.41426683
Canada;2004;30.4115732
Canada;2003;30.17384839
Canada;2002;30.29577904
Canada;2001;31.0221555
Canada;2000;31.15833832
Canada;1999;31.76765305
Canada;1998;32.3527988
Canada;1997;32.42273049
Canada;1996;34.14891744
Canada;1995;33.92154224
Canada;1994;34.34341701
Canada;1993;35.68178636
Canada;1992;35.5778139
Canada;1991;35.26114254
Canada;1990;34.02495231
Canada;1989;33.49382653
Canada;1988;33.3936038
Canada;1987;33.90210442
Canada;1986;34.5025345
Canada;1985;35.28783211
Canada;1984;35.89020086
Canada;1983;35.88999698
Canada;1982;36.79793741
Canada;1981;33.912942
Canada;1980;34.03370606
Canada;1979;34.57836443
Canada;1978;35.46928088
Canada;1977;35.07853403
Canada;1976;34.52698485
Canada;1975;34.34029851
Canada;1974;33.14688716
Canada;1973;33.07984791
Canada;1972;31.82123205
Canada;1971;30.78958362
Canada;1970;31.0251285
Canada;1969;30.10300305
Canada;1968;30.1530153
Canada;1967;29.58570769
Canada;1966;27.5686835
Canada;1965;26.70588235
Canada;1964;26.43881707
Canada;1963;26.76394533
Canada;1962;27.06867034
Canada;1961;28.51793457
Canada;1960;29.1625025
Chile;2017;
Chile;2016;17.82930221
Chile;2015;16.25139345
Chile;2014;15.5326049
Chile;2013;15.03291293
Chile;2012;15.32912938
Chile;2011;14.8664476
Chile;2010;14.96501077
Chile;2009;15.84008231
Chile;2008;14.962951
Chile;2007;13.92953389
Chile;2006;12.48780109
Chile;2005;12.30128985
Chile;2004;12.70054755
Chile;2003;12.8688421
Chile;2002;12.29154158
Chile;2001;12.06135814
Chile;2000;12.26467519
Chile;1999;12.2165701
Chile;1998;12.95680611
Chile;1997;13.23749479
Chile;1996;13.72822562
Chile;1995;14.41997946
Chile;1994;15.56841884
Chile;1993;16.01090528
Chile;1992;17.89058393
Chile;1991;18.34043444
Chile;1990;16.5717324
Chile;1989;14.22029326
Chile;1988;12.78977898
Chile;1987;12.89185149
Chile;1986;12.29992262
Chile;1985;
Chile;1984;
Chile;1983;
Chile;1982;
Chile;1981;
Chile;1980;10
Chile;1979;
Chile;1978;
Chile;1977;
Chile;1976;
Chile;1975;
Chile;1974;
Chile;1973;29
Chile;1972;
Chile;1971;
Chile;1970;22
Chile;1969;
Chile;1968;
Chile;1967;
Chile;1966;
Chile;1965;
Chile;1964;22
Chile;1963;
Chile;1962;
Chile;1961;
Chile;1960;
China;2017;
China;2016;
China;2015;
China;2014;
China;2013;42.5577304
China;2012;41.16239442
China;2011;37.8022636
China;2010;34.7282121
China;2009;32.68888406
China;2008;30.40221815
China;2007;
China;2006;
China;2005;
China;2004;
China;2003;
China;2002;11
China;2001;
China;2000;14.84710839
China;1999;
China;1998;
China;1997;62.25115899
China;1996;68.79016504
China;1995;69.75851892
China;1994;68.70833053
China;1993;68.53054078
China;1992;69.78481466
China;1991;75.94871008
China;1990;76.67158365
China;1989;76.80359634
China;1988;70.75911229
China;1987;70.65558759
China;1986;69.54712592
China;1985;68.99291928
China;1984;67.53158275
China;1983;66.81140416
China;1982;64.99069231
China;1981;62.56021646
China;1980;58.56640846
China;1979;
China;1978;
China;1977;
China;1976;
China;1975;
China;1974;
China;1973;
China;1972;
China;1971;
China;1970;
China;1969;
China;1968;
China;1967;
China;1966;
China;1965;
China;1964;
China;1963;
China;1962;
China;1961;
China;1960;
Colombia;2017;6.462051719
Colombia;2016;6.515108424
Colombia;2015;5.407428197
Colombia;2014;5.748352074
Colombia;2013;6.533356876
Colombia;2012;4.966037761
Colombia;2011;4.949879302
Colombia;2010;5.007909605
Colombia;2009;4.712709722
Colombia;2008;4.835985734
Colombia;2007;
Colombia;2006;
Colombia;2005;4.875644527
Colombia;2004;
Colombia;2003;
Colombia;2002;5.46206357
Colombia;2001;
Colombia;2000;
Colombia;1999;
Colombia;1998;
Colombia;1997;
Colombia;1996;12.3059094
Colombia;1995;
Colombia;1994;
Colombia;1993;12.65310844
Colombia;1992;13.35512479
Colombia;1991;13.65356189
Colombia;1990;
Colombia;1989;
Colombia;1988;
Colombia;1987;
Colombia;1986;
Colombia;1985;
Colombia;1984;
Colombia;1983;
Colombia;1982;
Colombia;1981;
Colombia;1980;
Colombia;1979;
Colombia;1978;
Colombia;1977;
Colombia;1976;
Colombia;1975;
Colombia;1974;
Colombia;1973;
Colombia;1972;
Colombia;1971;
Colombia;1970;
Colombia;1969;
Colombia;1968;
Colombia;1967;
Colombia;1966;
Colombia;1965;
Colombia;1964;
Colombia;1963;
Colombia;1962;
Colombia;1961;
Colombia;1960;
Costa Rica;2017;
Costa Rica;2016;
Costa Rica;2015;15.48843188
Costa Rica;2014;14.18485237
Costa Rica;2013;13.5821873
Costa Rica;2012;13.12867407
Costa Rica;2011;12.63227513
Costa Rica;2010;13.5359116
Costa Rica;2009;12.5653765
Costa Rica;2008;11.81352488
Costa Rica;2007;11.36190476
Costa Rica;2006;12.738949
Costa Rica;2005;13.15634358
Costa Rica;2004;13.86684257
Costa Rica;2003;14.44815789
Costa Rica;2002;14.38247232
Costa Rica;2001;13.6152479
Costa Rica;2000;16.22915327
Costa Rica;1999;
Costa Rica;1998;
Costa Rica;1997;
Costa Rica;1996;
Costa Rica;1995;
Costa Rica;1994;
Costa Rica;1993;
Costa Rica;1992;
Costa Rica;1991;
Costa Rica;1990;
Costa Rica;1989;
Costa Rica;1988;
Costa Rica;1987;
Costa Rica;1986;
Costa Rica;1985;
Costa Rica;1984;
Costa Rica;1983;
Costa Rica;1982;
Costa Rica;1981;
Costa Rica;1980;
Costa Rica;1979;
Costa Rica;1978;
Costa Rica;1977;
Costa Rica;1976;
Costa Rica;1975;
Costa Rica;1974;
Costa Rica;1973;
Costa Rica;1972;
Costa Rica;1971;
Costa Rica;1970;
Costa Rica;1969;
Costa Rica;1968;
Costa Rica;1967;
Costa Rica;1966;
Costa Rica;1965;
Costa Rica;1964;
Costa Rica;1963;
Costa Rica;1962;
Costa Rica;1961;
Costa Rica;1960;
Croatia;2017;
Croatia;2016;23.87935813
Croatia;2015;25.0260223
Croatia;2014;26.12528302
Croatia;2013;28.52622294
Croatia;2012;27.58462758
Croatia;2011;27.20187062
Croatia;2010;
Croatia;2009;
Croatia;2008;30.2660485
Croatia;2007;
Croatia;2006;
Croatia;2005;
Croatia;2004;38.03438801
Croatia;2003;
Croatia;2002;
Croatia;2001;
Croatia;2000;
Croatia;1999;40
Croatia;1998;
Croatia;1997;
Croatia;1996;59.97818975
Croatia;1995;
Croatia;1994;65
Croatia;1993;
Croatia;1992;
Croatia;1991;
Croatia;1990;
Croatia;1989;
Croatia;1988;
Croatia;1987;
Croatia;1986;
Croatia;1985;
Croatia;1984;
Croatia;1983;
Croatia;1982;
Croatia;1981;
Croatia;1980;
Croatia;1979;
Croatia;1978;
Croatia;1977;
Croatia;1976;
Croatia;1975;
Croatia;1974;
Croatia;1973;
Croatia;1972;
Croatia;1971;
Croatia;1970;
Croatia;1969;
Croatia;1968;
Croatia;1967;
Croatia;1966;
Croatia;1965;
Croatia;1964;
Croatia;1963;
Croatia;1962;
Croatia;1961;
Croatia;1960;
Cyprus;2017;
Cyprus;2016;43.73454545
Cyprus;2015;44.01483444
Cyprus;2014;45.81208054
Cyprus;2013;46.6179402
Cyprus;2012;45.37009346
Cyprus;2011;45.60152905
Cyprus;2010;48.03431677
Cyprus;2009;52.76869055
Cyprus;2008;57.26472222
Cyprus;2007;58.05980066
Cyprus;2006;62.24419929
Cyprus;2005;64.55320225
Cyprus;2004;65.5
Cyprus;2003;66.19222
Cyprus;2002;63.2
Cyprus;2001;62.87586864
Cyprus;2000;64.93161435
Cyprus;1999;
Cyprus;1998;67.52931662
Cyprus;1997;
Cyprus;1996;
Cyprus;1995;72.6618705
Cyprus;1994;
Cyprus;1993;73.37332718
Cyprus;1992;
Cyprus;1991;
Cyprus;1990;76.04391335
Cyprus;1989;
Cyprus;1988;
Cyprus;1987;
Cyprus;1986;
Cyprus;1985;
Cyprus;1984;
Cyprus;1983;
Cyprus;1982;
Cyprus;1981;
Cyprus;1980;
Cyprus;1979;
Cyprus;1978;
Cyprus;1977;
Cyprus;1976;
Cyprus;1975;
Cyprus;1974;
Cyprus;1973;
Cyprus;1972;
Cyprus;1971;
Cyprus;1970;
Cyprus;1969;
Cyprus;1968;
Cyprus;1967;
Cyprus;1966;
Cyprus;1965;
Cyprus;1964;
Cyprus;1963;
Cyprus;1962;
Cyprus;1961;
Cyprus;1960;
Czech Republic;2017;11.74796372
Czech Republic;2016;12.00971599
Czech Republic;2015;12.01562031
Czech Republic;2014;12.86339395
Czech Republic;2013;13.57383969
Czech Republic;2012;14.81119355
Czech Republic;2011;15.43004318
Czech Republic;2010;16.1459112
Czech Republic;2009;16.67357336
Czech Republic;2008;16.89989621
Czech Republic;2007;17.38349732
Czech Republic;2006;18.13618831
Czech Republic;2005;19.11659849
Czech Republic;2004;20.63547083
Czech Republic;2003;22.27899886
Czech Republic;2002;22.37171401
Czech Republic;2001;23.76857629
Czech Republic;2000;27.21328411
Czech Republic;1999;29.96217462
Czech Republic;1998;32.05583298
Czech Republic;1997;37.64593757
Czech Republic;1996;40.37197181
Czech Republic;1995;44.54712399
Czech Republic;1994;53.15299282
Czech Republic;1993;67.17850288
Czech Republic;1992;
Czech Republic;1991;
Czech Republic;1990;
Czech Republic;1989;
Czech Republic;1988;
Czech Republic;1987;
Czech Republic;1986;
Czech Republic;1985;
Czech Republic;1984;
Czech Republic;1983;
Czech Republic;1982;
Czech Republic;1981;
Czech Republic;1980;
Czech Republic;1979;
Czech Republic;1978;
Czech Republic;1977;
Czech Republic;1976;
Czech Republic;1975;
Czech Republic;1974;
Czech Republic;1973;
Czech Republic;1972;
Czech Republic;1971;
Czech Republic;1970;
Czech Republic;1969;
Czech Republic;1968;
Czech Republic;1967;
Czech Republic;1966;
Czech Republic;1965;
Czech Republic;1964;
Czech Republic;1963;
Czech Republic;1962;
Czech Republic;1961;
Czech Republic;1960;
Denmark;2017;
Denmark;2016;67.0907894
Denmark;2015;68.59098232
Denmark;2014;69.25934013
Denmark;2013;69.34497388
Denmark;2012;69.75402908
Denmark;2011;70.06583709
Denmark;2010;69.19416328
Denmark;2009;68.41692597
Denmark;2008;66.24460549
Denmark;2007;67.80221911
Denmark;2006;68.43386295
Denmark;2005;70.85756074
Denmark;2004;71.4685372
Denmark;2003;72.0077222
Denmark;2002;72.41414203
Denmark;2001;72.96816414
Denmark;2000;73.61136332
Denmark;1999;74.01259243
Denmark;1998;75.23459138
Denmark;1997;75.18392702
Denmark;1996;76.37057908
Denmark;1995;75.85980871
Denmark;1994;76.5086599
Denmark;1993;76.71868861
Denmark;1992;74.8901211
Denmark;1991;75.01421398
Denmark;1990;74.60396923
Denmark;1989;74.87431063
Denmark;1988;73.09333278
Denmark;1987;75.22378703
Denmark;1986;76.90813884
Denmark;1985;77.54765541
Denmark;1984;78.57581939
Denmark;1983;80.12487216
Denmark;1982;79.78516764
Denmark;1981;79.85570934
Denmark;1980;77.96085733
Denmark;1979;77.10393395
Denmark;1978;77.84317833
Denmark;1977;74.05840572
Denmark;1976;72.99874935
Denmark;1975;68.86940495
Denmark;1974;65.15415369
Denmark;1973;62.206893
Denmark;1972;61.49589184
Denmark;1971;62.22595174
Denmark;1970;60.30174197
Denmark;1969;59.22648859
Denmark;1968;58.63596628
Denmark;1967;57.36182336
Denmark;1966;56.80836333
Denmark;1965;58.19846426
Denmark;1964;58.19222657
Denmark;1963;57.4611951
Denmark;1962;57.61767502
Denmark;1961;57.53954924
Denmark;1960;56.91906005
Estonia;2017;4.301151505
Estonia;2016;4.43885024
Estonia;2015;4.714488575
Estonia;2014;5.480477176
Estonia;2013;5.733516362
Estonia;2012;6.071635666
Estonia;2011;7.033623909
Estonia;2010;8.062014776
Estonia;2009;7.707554535
Estonia;2008;6.987774009
Estonia;2007;7.576009374
Estonia;2006;8.492086691
Estonia;2005;9.378557883
Estonia;2004;10.10158584
Estonia;2003;11.25189091
Estonia;2002;12.8201591
Estonia;2001;13.3407192
Estonia;2000;13.99091803
Estonia;1999;
Estonia;1998;17.13586957
Estonia;1997;
Estonia;1996;28.79425166
Estonia;1995;32.35143879
Estonia;1994;40.82299151
Estonia;1993;62.05064083
Estonia;1992;93.91560353
Estonia;1991;
Estonia;1990;
Estonia;1989;
Estonia;1988;
Estonia;1987;
Estonia;1986;
Estonia;1985;
Estonia;1984;
Estonia;1983;
Estonia;1982;
Estonia;1981;
Estonia;1980;
Estonia;1979;
Estonia;1978;
Estonia;1977;
Estonia;1976;
Estonia;1975;
Estonia;1974;
Estonia;1973;
Estonia;1972;
Estonia;1971;
Estonia;1970;
Estonia;1969;
Estonia;1968;
Estonia;1967;
Estonia;1966;
Estonia;1965;
Estonia;1964;
Estonia;1963;
Estonia;1962;
Estonia;1961;
Estonia;1960;
Finland;2017;61.7165351
Finland;2016;64.57751042
Finland;2015;66.45893822
Finland;2014;66.71302607
Finland;2013;66.26873212
Finland;2012;67.28619356
Finland;2011;67.27631545
Finland;2010;68.30062276
Finland;2009;68.92338857
Finland;2008;69.48666982
Finland;2007;70.20131535
Finland;2006;70.06200423
Finland;2005;70.37638616
Finland;2004;71.16089712
Finland;2003;72.56577031
Finland;2002;73.21013932
Finland;2001;74.25303823
Finland;2000;74.62856859
Finland;1999;75.94135373
Finland;1998;78.40621396
Finland;1997;79.48878314
Finland;1996;80.80465236
Finland;1995;80.84469812
Finland;1994;80.77680982
Finland;1993;81.223714
Finland;1992;78.90513819
Finland;1991;75.88307916
Finland;1990;72.77694971
Finland;1989;73.16933365
Finland;1988;72.29333641
Finland;1987;70.64298836
Finland;1986;69.98869178
Finland;1985;69.06363416
Finland;1984;68.97137409
Finland;1983;68.79859544
Finland;1982;68.41273665
Finland;1981;68.33141247
Finland;1980;69.37638328
Finland;1979;68.09590296
Finland;1978;66.9492645
Finland;1977;66.69366597
Finland;1976;67.5685971
Finland;1975;65.28251634
Finland;1974;63.19911882
Finland;1973;61.37377803
Finland;1972;60.80012037
Finland;1971;56.1950261
Finland;1970;51.31782562
Finland;1969;47.52776886
Finland;1968;41.01524782
Finland;1967;40.69467806
Finland;1966;39.56596167
Finland;1965;38.31444315
Finland;1964;37.02220727
Finland;1963;37.44887955
Finland;1962;35.29565522
Finland;1961;31.50273973
Finland;1960;31.8793985
France;2017;
France;2016;7.881591396
France;2015;7.916700306
France;2014;7.960613073
France;2013;8.067320974
France;2012;8.127445058
France;2011;8.068854582
France;2010;8.006271506
France;2009;7.926335819
France;2008;7.794476325
France;2007;7.880114764
France;2006;7.976812999
France;2005;7.991878756
France;2004;8.060359327
France;2003;8.355783446
France;2002;8.055984427
France;2001;7.90563664
France;2000;7.97093894
France;1999;8.058862492
France;1998;8.182113073
France;1997;8.331321577
France;1996;8.285411015
France;1995;8.712071897
France;1994;8.933547805
France;1993;9.340645344
France;1992;9.608836167
France;1991;9.597695363
France;1990;9.826876207
France;1989;10.65365025
France;1988;11.22962803
France;1987;11.93284688
France;1986;12.47239399
France;1985;13.60699566
France;1984;14.9264542
France;1983;15.96345515
France;1982;17.00510431
France;1981;17.76921789
France;1980;18.28004901
France;1979;19.03641457
France;1978;20.51990527
France;1977;21.27586991
France;1976;21.29747201
France;1975;22.1506384
France;1974;21.74749359
France;1973;22.11168354
France;1972;21.58897791
France;1971;21.55954806
France;1970;21.69249106
France;1969;22.19282395
France;1968;20.41986005
France;1967;19.06392694
France;1966;18.8939466
France;1965;19.4747754
France;1964;19.73415852
France;1963;20.12633413
France;1962;19.11091087
France;1961;20.24986587
France;1960;19.64923172
Germany;2017;16.72970414
Germany;2016;16.99060565
Germany;2015;17.55971541
Germany;2014;17.72092522
Germany;2013;17.9677444
Germany;2012;18.25936638
Germany;2011;18.40665561
Germany;2010;18.85586266
Germany;2009;18.83228336
Germany;2008;19.0311185
Germany;2007;19.76431858
Germany;2006;20.58653772
Germany;2005;21.52750021
Germany;2004;22.17100847
Germany;2003;23.01838935
Germany;2002;23.50734605
Germany;2001;23.74760047
Germany;2000;24.57075559
Germany;1999;25.32283661
Germany;1998;25.94323457
Germany;1997;26.98212875
Germany;1996;27.75278896
Germany;1995;29.21773764
Germany;1994;30.37926848
Germany;1993;31.82211613
Germany;1992;33.86009104
Germany;1991;35.98748046
Germany;1990;31.21969691
Germany;1989;32.40996806
Germany;1988;33.11242129
Germany;1987;33.33016478
Germany;1986;33.91574197
Germany;1985;34.66611033
Germany;1984;34.89778499
Germany;1983;34.99908592
Germany;1982;35.02173367
Germany;1981;35.14598237
Germany;1980;34.89528803
Germany;1979;35.30386225
Germany;1978;35.5380411
Germany;1977;35.24403918
Germany;1976;35.10615105
Germany;1975;34.57936378
Germany;1974;33.74527967
Germany;1973;32.4322619
Germany;1972;32.36580162
Germany;1971;32.13307849
Germany;1970;32.02998115
Germany;1969;31.72484601
Germany;1968;32.24635854
Germany;1967;32.80981765
Germany;1966;32.46685304
Germany;1965;32.88681479
Germany;1964;33.07344493
Germany;1963;33.37412651
Germany;1962;33.83999806
Germany;1961;34.18444815
Germany;1960;34.67296636
Greece;2017;
Greece;2016;20.23754932
Greece;2015;
Greece;2014;
Greece;2013;23.10216876
Greece;2012;
Greece;2011;
Greece;2010;22.23396547
Greece;2009;
Greece;2008;
Greece;2007;22.57094828
Greece;2006;
Greece;2005;
Greece;2004;24.09258103
Greece;2003;
Greece;2002;
Greece;2001;24.93623077
Greece;2000;
Greece;1999;
Greece;1998;27.49311599
Greece;1997;
Greece;1996;
Greece;1995;31.30194838
Greece;1994;
Greece;1993;
Greece;1992;37.60441294
Greece;1991;
Greece;1990;
Greece;1989;35.24702631
Greece;1988;
Greece;1987;
Greece;1986;37.51808807
Greece;1985;
Greece;1984;
Greece;1983;39.42812082
Greece;1982;
Greece;1981;
Greece;1980;38.96882494
Greece;1979;
Greece;1978;
Greece;1977;48.21635544
Greece;1976;
Greece;1975;
Greece;1974;
Greece;1973;
Greece;1972;
Greece;1971;
Greece;1970;
Greece;1969;
Greece;1968;
Greece;1967;
Greece;1966;
Greece;1965;
Greece;1964;
Greece;1963;
Greece;1962;
Greece;1961;
Greece;1960;
Hong Kong;2017;
Hong Kong;2016;
Hong Kong;2015;25.26147589
Hong Kong;2014;24.26474905
Hong Kong;2013;24.83283582
Hong Kong;2012;24.76118041
Hong Kong;2011;24.66251944
Hong Kong;2010;24.63694471
Hong Kong;2009;23.71814935
Hong Kong;2008;22.67923864
Hong Kong;2007;22.21265372
Hong Kong;2006;22.37220362
Hong Kong;2005;22.36800956
Hong Kong;2004;22.98387435
Hong Kong;2003;
Hong Kong;2002;
Hong Kong;2001;
Hong Kong;2000;
Hong Kong;1999;27.65769941
Hong Kong;1998;28.37849862
Hong Kong;1997;26.15379647
Hong Kong;1996;24.42211704
Hong Kong;1995;23.56523299
Hong Kong;1994;21.35367614
Hong Kong;1993;22.17419671
Hong Kong;1992;21.34164467
Hong Kong;1991;19.82094595
Hong Kong;1990;18.93311253
Hong Kong;1989;17.86120967
Hong Kong;1988;17.00104275
Hong Kong;1987;
Hong Kong;1986;
Hong Kong;1985;16.78538813
Hong Kong;1984;
Hong Kong;1983;
Hong Kong;1982;
Hong Kong;1981;
Hong Kong;1980;
Hong Kong;1979;
Hong Kong;1978;
Hong Kong;1977;
Hong Kong;1976;
Hong Kong;1975;
Hong Kong;1974;
Hong Kong;1973;
Hong Kong;1972;
Hong Kong;1971;
Hong Kong;1970;
Hong Kong;1969;
Hong Kong;1968;
Hong Kong;1967;
Hong Kong;1966;
Hong Kong;1965;
Hong Kong;1964;
Hong Kong;1963;
Hong Kong;1962;
Hong Kong;1961;
Hong Kong;1960;
Hungary;2017;
Hungary;2016;8.503127476
Hungary;2015;9.367493995
Hungary;2014;10.1748283
Hungary;2013;
Hungary;2012;11.8409757
Hungary;2011;
Hungary;2010;
Hungary;2009;
Hungary;2008;14.41500107
Hungary;2007;14.93181868
Hungary;2006;
Hungary;2005;17.23347861
Hungary;2004;
Hungary;2003;17.65108223
Hungary;2002;
Hungary;2001;19.7366932
Hungary;2000;23.80586699
Hungary;1999;
Hungary;1998;27.19920993
Hungary;1997;
Hungary;1996;
Hungary;1995;48.33836858
Hungary;1994;
Hungary;1993;
Hungary;1992;
Hungary;1991;
Hungary;1990;88.63555556
Hungary;1989;
Hungary;1988;
Hungary;1987;97.77777778
Hungary;1986;
Hungary;1985;
Hungary;1984;
Hungary;1983;
Hungary;1982;
Hungary;1981;
Hungary;1980;
Hungary;1979;94
Hungary;1978;
Hungary;1977;
Hungary;1976;
Hungary;1975;
Hungary;1974;
Hungary;1973;
Hungary;1972;
Hungary;1971;
Hungary;1970;
Hungary;1969;
Hungary;1968;
Hungary;1967;
Hungary;1966;
Hungary;1965;
Hungary;1964;
Hungary;1963;
Hungary;1962;
Hungary;1961;
Hungary;1960;
Iceland;2017;
Iceland;2016;90.40524434
Iceland;2015;90.82799503
Iceland;2014;
Iceland;2013;88.98887435
Iceland;2012;
Iceland;2011;
Iceland;2010;
Iceland;2009;
Iceland;2008;79.23322684
Iceland;2007;86.92810458
Iceland;2006;91.28630705
Iceland;2005;95.23809524
Iceland;2004;98.65971705
Iceland;2003;94.67455621
Iceland;2002;92.46795362
Iceland;2001;88.09140334
Iceland;2000;89.42387152
Iceland;1999;87.39904734
Iceland;1998;88.06722689
Iceland;1997;87.7523772
Iceland;1996;87.21148385
Iceland;1995;87.32
Iceland;1994;87.36064114
Iceland;1993;86.49821429
Iceland;1992;87.47149321
Iceland;1991;87.88553114
Iceland;1990;
Iceland;1989;
Iceland;1988;
Iceland;1987;
Iceland;1986;
Iceland;1985;78.52412488
Iceland;1984;
Iceland;1983;75.62189055
Iceland;1982;
Iceland;1981;
Iceland;1980;66.23235613
Iceland;1979;67.15410574
Iceland;1978;
Iceland;1977;
Iceland;1976;
Iceland;1975;
Iceland;1974;
Iceland;1973;
Iceland;1972;
Iceland;1971;
Iceland;1970;
Iceland;1969;
Iceland;1968;
Iceland;1967;
Iceland;1966;
Iceland;1965;
Iceland;1964;
Iceland;1963;
Iceland;1962;
Iceland;1961;
Iceland;1960;
India;2017;
India;2016;
India;2015;
India;2014;
India;2013;12.63347256
India;2012;11.84013958
India;2011;
India;2010;10.27185347
India;2009;
India;2008;13.52033898
India;2007;
India;2006;
India;2005;12.37311917
India;2004;
India;2003;
India;2002;12.25833333
India;2001;
India;2000;11.78934889
India;1999;
India;1998;
India;1997;
India;1996;
India;1995;
India;1994;
India;1993;18.9
India;1992;19.07
India;1991;19.22
India;1990;19.38950276
India;1989;19.57
India;1988;19.79
India;1987;19.6
India;1986;19.36
India;1985;19.08902077
India;1984;18.81
India;1983;18.54
India;1982;18.32
India;1981;18
India;1980;18.15030675
India;1979;17.6
India;1978;17.16
India;1977;16.98
India;1976;16.82
India;1975;16.64
India;1974;16.55
India;1973;
India;1972;
India;1971;
India;1970;
India;1969;
India;1968;
India;1967;
India;1966;
India;1965;
India;1964;
India;1963;
India;1962;
India;1961;
India;1960;
Indonesia;2017;
Indonesia;2016;
Indonesia;2015;5.144371503
Indonesia;2014;
Indonesia;2013;
Indonesia;2012;5.695893885
Indonesia;2011;
Indonesia;2010;
Indonesia;2009;8.423057947
Indonesia;2008;9.341126825
Indonesia;2007;
Indonesia;2006;9.891836348
Indonesia;2005;
Indonesia;2004;
Indonesia;2003;
Indonesia;2002;24.15240165
Indonesia;2001;33.68962666
Indonesia;2000;
Indonesia;1999;
Indonesia;1998;
Indonesia;1997;4.954126441
Indonesia;1996;
Indonesia;1995;
Indonesia;1994;
Indonesia;1993;
Indonesia;1992;
Indonesia;1991;
Indonesia;1990;
Indonesia;1989;
Indonesia;1988;
Indonesia;1987;
Indonesia;1986;5
Indonesia;1985;
Indonesia;1984;
Indonesia;1983;
Indonesia;1982;
Indonesia;1981;
Indonesia;1980;
Indonesia;1979;
Indonesia;1978;
Indonesia;1977;
Indonesia;1976;
Indonesia;1975;
Indonesia;1974;
Indonesia;1973;
Indonesia;1972;
Indonesia;1971;
Indonesia;1970;
Indonesia;1969;
Indonesia;1968;
Indonesia;1967;
Indonesia;1966;
Indonesia;1965;
Indonesia;1964;
Indonesia;1963;
Indonesia;1962;
Indonesia;1961;
Indonesia;1960;19.99755102
Ireland;2017;
Ireland;2016;25.50797944
Ireland;2015;
Ireland;2014;
Ireland;2013;30.41367622
Ireland;2012;
Ireland;2011;32.65713441
Ireland;2010;33.50911421
Ireland;2009;31.41625486
Ireland;2008;30.11223905
Ireland;2007;29.53276047
Ireland;2006;31.75187278
Ireland;2005;32.47969864
Ireland;2004;33.63313687
Ireland;2003;34.88563955
Ireland;2002;35.17358432
Ireland;2001;35.07217469
Ireland;2000;35.9908387
Ireland;1999;38.03210049
Ireland;1998;40.52631579
Ireland;1997;44.22549471
Ireland;1996;44.1938883
Ireland;1995;47.08181818
Ireland;1994;48.60038404
Ireland;1993;50.01335559
Ireland;1992;51.28525933
Ireland;1991;51.18730809
Ireland;1990;51.0746096
Ireland;1989;51.81982852
Ireland;1988;50.50600962
Ireland;1987;50.20714286
Ireland;1986;51.61953422
Ireland;1985;54.18146904
Ireland;1984;57.01466993
Ireland;1983;57.16886228
Ireland;1982;56.12195122
Ireland;1981;56.61020882
Ireland;1980;57.12223516
Ireland;1979;57.50956938
Ireland;1978;57.62921348
Ireland;1977;56.96511628
Ireland;1976;56.30677291
Ireland;1975;55.33992095
Ireland;1974;53.87075718
Ireland;1973;53.26506024
Ireland;1972;53.55555556
Ireland;1971;53.23961219
Ireland;1970;53.23430962
Ireland;1969;51.29247911
Ireland;1968;49.62093352
Ireland;1967;48.77044476
Ireland;1966;48.31988473
Ireland;1965;48.22910663
Ireland;1964;48.45022288
Ireland;1963;47.77760968
Ireland;1962;48.03215926
Ireland;1961;47.1201248
Ireland;1960;45.34829721
Israel;2017;24.99753697
Israel;2016;
Israel;2015;
Israel;2014;
Israel;2013;
Israel;2012;22.81244352
Israel;2011;
Israel;2010;
Israel;2009;
Israel;2008;
Israel;2007;30.26323295
Israel;2006;
Israel;2005;
Israel;2004;
Israel;2003;
Israel;2002;
Israel;2001;
Israel;2000;37.68497177
Israel;1999;
Israel;1998;
Israel;1997;
Israel;1996;48.81742268
Israel;1995;56.24410791
Israel;1994;68
Israel;1993;
Israel;1992;70
Israel;1991;
Israel;1990;73.00613497
Israel;1989;
Israel;1988;73
Israel;1987;
Israel;1986;
Israel;1985;
Israel;1984;80
Israel;1983;82
Israel;1982;
Israel;1981;83.15789474
Israel;1980;84
Israel;1979;83
Israel;1978;82
Israel;1977;81
Israel;1976;80
Israel;1975;80
Israel;1974;80
Israel;1973;80
Israel;1972;80
Israel;1971;80
Israel;1970;80
Israel;1969;80
Israel;1968;80
Israel;1967;80
Israel;1966;80
Israel;1965;80
Israel;1964;80
Israel;1963;80
Israel;1962;80
Israel;1961;80
Israel;1960;80
Italy;2017;34.34509266
Italy;2016;34.36658461
Italy;2015;35.7124982
Italy;2014;36.41984029
Italy;2013;36.83025945
Italy;2012;36.28941119
Italy;2011;35.8229532
Italy;2010;35.5016371
Italy;2009;34.70025432
Italy;2008;33.41163071
Italy;2007;33.49950768
Italy;2006;33.08693738
Italy;2005;33.29362697
Italy;2004;33.56603237
Italy;2003;33.21240317
Italy;2002;33.35766091
Italy;2001;33.75412034
Italy;2000;34.36180797
Italy;1999;34.96550788
Italy;1998;35.26162661
Italy;1997;35.57946447
Italy;1996;36.65112395
Italy;1995;37.34256201
Italy;1994;37.90109606
Italy;1993;38.34261815
Italy;1992;38.67906611
Italy;1991;38.65723111
Italy;1990;38.68128973
Italy;1989;39.38705362
Italy;1988;39.82439722
Italy;1987;40.04634513
Italy;1986;40.37620373
Italy;1985;42.48582476
Italy;1984;45.30410382
Italy;1983;45.51690518
Italy;1982;46.68555241
Italy;1981;48.02980389
Italy;1980;49.58102004
Italy;1979;49.70307733
Italy;1978;50.4090168
Italy;1977;49.79435812
Italy;1976;50.46734356
Italy;1975;48.0406217
Italy;1974;46.21314106
Italy;1973;43.31482499
Italy;1972;41.7846047
Italy;1971;39.72605382
Italy;1970;36.96979159
Italy;1969;32.96069383
Italy;1968;31.43849727
Italy;1967;25.27227066
Italy;1966;25.31549554
Italy;1965;25.49466837
Italy;1964;26.91340048
Italy;1963;26.23703025
Italy;1962;25.22587932
Italy;1961;24.77642952
Italy;1960;24.67761245
Japan;2017;17.15243169
Japan;2016;17.35032292
Japan;2015;17.5212766
Japan;2014;17.60321716
Japan;2013;17.78318026
Japan;2012;17.97238372
Japan;2011;18.99504195
Japan;2010;18.40380743
Japan;2009;18.45787546
Japan;2008;18.2204924
Japan;2007;18.25095057
Japan;2006;18.3497807
Japan;2005;18.79844243
Japan;2004;19.25116713
Japan;2003;19.73945642
Japan;2002;20.26073907
Japan;2001;20.88284597
Japan;2000;21.54406273
Japan;1999;22.18157944
Japan;1998;22.52794337
Japan;1997;22.78797997
Japan;1996;23.3953401
Japan;1995;23.96731902
Japan;1994;24.25324675
Japan;1993;24.34256055
Japan;1992;24.49892557
Japan;1991;24.78408637
Japan;1990;25.36711479
Japan;1989;26.13165206
Japan;1988;26.94358748
Japan;1987;27.71454381
Japan;1986;28.18680064
Japan;1985;28.79202411
Japan;1984;29.22391559
Japan;1983;29.75285171
Japan;1982;30.56612982
Japan;1981;30.8917513
Japan;1980;31.14832536
Japan;1979;31.75696594
Japan;1978;32.59541985
Japan;1977;32.99814274
Japan;1976;33.69881466
Japan;1975;34.53099287
Japan;1974;34.26450371
Japan;1973;33.46611342
Japan;1972;34.31168831
Japan;1971;34.57209848
Japan;1970;35.10284332
Japan;1969;35.16411379
Japan;1968;34.50762389
Japan;1967;34.40573103
Japan;1966;34.749499
Japan;1965;35.28164117
Japan;1964;35.46869345
Japan;1963;35.01871257
Japan;1962;34.5969919
Japan;1961;33.80225989
Japan;1960;32.89493671
Korea (Republic of);2017;10.35491226
Korea (Republic of);2016;10.00036605
Korea (Republic of);2015;9.992438971
Korea (Republic of);2014;10.04824211
Korea (Republic of);2013;10.06265199
Korea (Republic of);2012;9.940130553
Korea (Republic of);2011;9.77448335
Korea (Republic of);2010;9.602743753
Korea (Republic of);2009;9.887892999
Korea (Republic of);2008;10.18408779
Korea (Republic of);2007;10.48807448
Korea (Republic of);2006;9.989371094
Korea (Republic of);2005;9.917959004
Korea (Republic of);2004;10.28943929
Korea (Republic of);2003;10.72709241
Korea (Republic of);2002;10.82668574
Korea (Republic of);2001;11.48497099
Korea (Republic of);2000;11.43315476
Korea (Republic of);1999;11.69254848
Korea (Republic of);1998;11.40143638
Korea (Republic of);1997;11.07262889
Korea (Republic of);1996;12.11028788
Korea (Republic of);1995;12.51855728
Korea (Republic of);1994;13.29487009
Korea (Republic of);1993;13.9598278
Korea (Republic of);1992;14.56360354
Korea (Republic of);1991;15.41549595
Korea (Republic of);1990;17.23181735
Korea (Republic of);1989;18.59954878
Korea (Republic of);1988;17.7674922
Korea (Republic of);1987;13.79019693
Korea (Republic of);1986;12.28376616
Korea (Republic of);1985;12.39385489
Korea (Republic of);1984;13.24232735
Korea (Republic of);1983;14.08481172
Korea (Republic of);1982;14.39005703
Korea (Republic of);1981;14.63645723
Korea (Republic of);1980;14.6679146
Korea (Republic of);1979;16.79365643
Korea (Republic of);1978;16.89535405
Korea (Republic of);1977;16.70855793
Korea (Republic of);1976;16.45194553
Korea (Republic of);1975;15.79109661
Korea (Republic of);1974;14.75663816
Korea (Republic of);1973;13.19658078
Korea (Republic of);1972;12.86621723
Korea (Republic of);1971;12.6745093
Korea (Republic of);1970;12.63371596
Korea (Republic of);1969;12.53969552
Korea (Republic of);1968;12.14429412
Korea (Republic of);1967;12.42026316
Korea (Republic of);1966;12.12136691
Korea (Republic of);1965;11.55699502
Korea (Republic of);1964;11.49297503
Korea (Republic of);1963;9.417540915
Korea (Republic of);1962;
Korea (Republic of);1961;
Korea (Republic of);1960;
Latvia;2017;
Latvia;2016;12.3421544
Latvia;2015;12.61300469
Latvia;2014;12.72023005
Latvia;2013;12.78426163
Latvia;2012;13.14092446
Latvia;2011;13.57163841
Latvia;2010;14.99430469
Latvia;2009;15.11262254
Latvia;2008;15.09003538
Latvia;2007;16.59748035
Latvia;2006;17.8715871
Latvia;2005;
Latvia;2004;
Latvia;2003;20.93533357
Latvia;2002;21
Latvia;2001;
Latvia;2000;
Latvia;1999;
Latvia;1998;
Latvia;1997;
Latvia;1996;
Latvia;1995;28.95752896
Latvia;1994;
Latvia;1993;
Latvia;1992;
Latvia;1991;
Latvia;1990;
Latvia;1989;
Latvia;1988;
Latvia;1987;
Latvia;1986;
Latvia;1985;
Latvia;1984;
Latvia;1983;
Latvia;1982;
Latvia;1981;
Latvia;1980;
Latvia;1979;
Latvia;1978;
Latvia;1977;
Latvia;1976;
Latvia;1975;
Latvia;1974;
Latvia;1973;
Latvia;1972;
Latvia;1971;
Latvia;1970;
Latvia;1969;
Latvia;1968;
Latvia;1967;
Latvia;1966;
Latvia;1965;
Latvia;1964;
Latvia;1963;
Latvia;1962;
Latvia;1961;
Latvia;1960;
Lithuania;2017;
Lithuania;2016;7.694248234
Lithuania;2015;7.87216292
Lithuania;2014;8.1422737
Lithuania;2013;8.37673325
Lithuania;2012;9.030919644
Lithuania;2011;9.730164403
Lithuania;2010;10.13546964
Lithuania;2009;9.96653352
Lithuania;2008;8.875821927
Lithuania;2007;9.284488849
Lithuania;2006;9.757537424
Lithuania;2005;
Lithuania;2004;
Lithuania;2003;13.59841979
Lithuania;2002;
Lithuania;2001;16.82846715
Lithuania;2000;
Lithuania;1999;14.62136579
Lithuania;1998;
Lithuania;1997;
Lithuania;1996;
Lithuania;1995;33.17918835
Lithuania;1994;
Lithuania;1993;
Lithuania;1992;
Lithuania;1991;
Lithuania;1990;
Lithuania;1989;
Lithuania;1988;
Lithuania;1987;
Lithuania;1986;
Lithuania;1985;
Lithuania;1984;
Lithuania;1983;
Lithuania;1982;
Lithuania;1981;
Lithuania;1980;
Lithuania;1979;
Lithuania;1978;
Lithuania;1977;
Lithuania;1976;
Lithuania;1975;
Lithuania;1974;
Lithuania;1973;
Lithuania;1972;
Lithuania;1971;
Lithuania;1970;
Lithuania;1969;
Lithuania;1968;
Lithuania;1967;
Lithuania;1966;
Lithuania;1965;
Lithuania;1964;
Lithuania;1963;
Lithuania;1962;
Lithuania;1961;
Lithuania;1960;
Luxembourg;2017;
Luxembourg;2016;32.25076438
Luxembourg;2015;
Luxembourg;2014;34.14570328
Luxembourg;2013;
Luxembourg;2012;35.28676348
Luxembourg;2011;
Luxembourg;2010;35.09161906
Luxembourg;2009;
Luxembourg;2008;36.52077157
Luxembourg;2007;
Luxembourg;2006;40.12539185
Luxembourg;2005;
Luxembourg;2004;41.58913195
Luxembourg;2003;42.54533368
Luxembourg;2002;
Luxembourg;2001;
Luxembourg;2000;
Luxembourg;1999;
Luxembourg;1998;43.19740725
Luxembourg;1997;41.92180281
Luxembourg;1996;
Luxembourg;1995;
Luxembourg;1994;
Luxembourg;1993;44.11259528
Luxembourg;1992;
Luxembourg;1991;
Luxembourg;1990;46.64771586
Luxembourg;1989;
Luxembourg;1988;
Luxembourg;1987;49.33718708
Luxembourg;1986;
Luxembourg;1985;
Luxembourg;1984;
Luxembourg;1983;
Luxembourg;1982;
Luxembourg;1981;51.83980946
Luxembourg;1980;50.44524378
Luxembourg;1979;49.088391
Luxembourg;1978;48.63077148
Luxembourg;1977;47.36391613
Luxembourg;1976;46.41782184
Luxembourg;1975;45.43014339
Luxembourg;1974;45.33811642
Luxembourg;1973;44.72780987
Luxembourg;1972;44.78990981
Luxembourg;1971;45.62867349
Luxembourg;1970;46.5276574
Luxembourg;1969;
Luxembourg;1968;
Luxembourg;1967;
Luxembourg;1966;
Luxembourg;1965;
Luxembourg;1964;
Luxembourg;1963;
Luxembourg;1962;
Luxembourg;1961;
Luxembourg;1960;
Malaysia;2017;
Malaysia;2016;
Malaysia;2015;8.78
Malaysia;2014;9.15
Malaysia;2013;9.371690574
Malaysia;2012;9.338910465
Malaysia;2011;8.503411265
Malaysia;2010;9.114819017
Malaysia;2009;9.895266127
Malaysia;2008;10.13161866
Malaysia;2007;10.26919734
Malaysia;2006;10.50157212
Malaysia;2005;10.03771594
Malaysia;2004;10.51857623
Malaysia;2003;10.48888859
Malaysia;2002;11.02784077
Malaysia;2001;11.12328165
Malaysia;2000;10.66511202
Malaysia;1999;10.98556607
Malaysia;1998;11.7255505
Malaysia;1997;11.53287257
Malaysia;1996;12.00339296
Malaysia;1995;12.72801758
Malaysia;1994;
Malaysia;1993;
Malaysia;1992;
Malaysia;1991;16.16320126
Malaysia;1990;16.482
Malaysia;1989;
Malaysia;1988;
Malaysia;1987;12.4892599
Malaysia;1986;
Malaysia;1985;
Malaysia;1984;
Malaysia;1983;
Malaysia;1982;
Malaysia;1981;
Malaysia;1980;
Malaysia;1979;
Malaysia;1978;
Malaysia;1977;13.7
Malaysia;1976;13.7
Malaysia;1975;13.7
Malaysia;1974;
Malaysia;1973;
Malaysia;1972;
Malaysia;1971;
Malaysia;1970;
Malaysia;1969;
Malaysia;1968;
Malaysia;1967;
Malaysia;1966;
Malaysia;1965;
Malaysia;1964;
Malaysia;1963;
Malaysia;1962;
Malaysia;1961;8.5
Malaysia;1960;
Malta;2017;51.55360214
Malta;2016;51.70776247
Malta;2015;52.62973126
Malta;2014;52.96799501
Malta;2013;53.73220798
Malta;2012;53.78551724
Malta;2011;53.39014085
Malta;2010;52.59710145
Malta;2009;52.5625
Malta;2008;52.6875
Malta;2007;56.51617895
Malta;2006;57.30375814
Malta;2005;56.39751938
Malta;2004;59.02656
Malta;2003;58.51652215
Malta;2002;59.32747391
Malta;2001;59.12367646
Malta;2000;60.30350195
Malta;1999;64.20897677
Malta;1998;63.35789277
Malta;1997;62.86627695
Malta;1996;61.6889957
Malta;1995;62.08756794
Malta;1994;63.24990607
Malta;1993;60.24941874
Malta;1992;67.02582321
Malta;1991;66.94617595
Malta;1990;66.39694331
Malta;1989;65.23707317
Malta;1988;62.47586207
Malta;1987;63.38190955
Malta;1986;65.38345865
Malta;1985;58.63716814
Malta;1984;51.02637363
Malta;1983;53.41648352
Malta;1982;
Malta;1981;
Malta;1980;
Malta;1979;
Malta;1978;
Malta;1977;
Malta;1976;
Malta;1975;
Malta;1974;
Malta;1973;
Malta;1972;
Malta;1971;
Malta;1970;
Malta;1969;
Malta;1968;
Malta;1967;
Malta;1966;
Malta;1965;
Malta;1964;
Malta;1963;
Malta;1962;
Malta;1961;
Malta;1960;
Mexico;2017;
Mexico;2016;
Mexico;2015;
Mexico;2014;
Mexico;2013;
Mexico;2012;
Mexico;2011;
Mexico;2010;13.76996156
Mexico;2009;14.5072429
Mexico;2008;14.74452266
Mexico;2007;
Mexico;2006;
Mexico;2005;
Mexico;2004;
Mexico;2003;
Mexico;2002;
Mexico;2001;
Mexico;2000;16.72909309
Mexico;1999;
Mexico;1998;16.64334997
Mexico;1997;
Mexico;1996;15.69951865
Mexico;1995;
Mexico;1994;19.89955624
Mexico;1993;
Mexico;1992;24.25140787
Mexico;1991;
Mexico;1990;
Mexico;1989;27.67668049
Mexico;1988;
Mexico;1987;
Mexico;1986;
Mexico;1985;
Mexico;1984;
Mexico;1983;
Mexico;1982;
Mexico;1981;
Mexico;1980;
Mexico;1979;
Mexico;1978;33.40858627
Mexico;1977;
Mexico;1976;
Mexico;1975;40.66233557
Mexico;1974;
Mexico;1973;
Mexico;1972;
Mexico;1971;
Mexico;1970;
Mexico;1969;
Mexico;1968;
Mexico;1967;
Mexico;1966;
Mexico;1965;
Mexico;1964;
Mexico;1963;
Mexico;1962;
Mexico;1961;
Mexico;1960;
Netherlands;2017;16.80120398
Netherlands;2016;17.32406491
Netherlands;2015;17.72048294
Netherlands;2014;18.13271691
Netherlands;2013;18.20811953
Netherlands;2012;18.84740335
Netherlands;2011;19.34421683
Netherlands;2010;19.2751421
Netherlands;2009;19.15937082
Netherlands;2008;19.25746126
Netherlands;2007;19.36208599
Netherlands;2006;20.33557163
Netherlands;2005;20.9960078
Netherlands;2004;21.30025573
Netherlands;2003;21.41905266
Netherlands;2002;21.60381971
Netherlands;2001;21.79553542
Netherlands;2000;22.57521905
Netherlands;1999;23.57722369
Netherlands;1998;23.85642406
Netherlands;1997;24.44049113
Netherlands;1996;24.97451245
Netherlands;1995;25.5308008
Netherlands;1994;25.3038091
Netherlands;1993;25.11392146
Netherlands;1992;24.50306267
Netherlands;1991;24.33956611
Netherlands;1990;24.56530456
Netherlands;1989;24.59418186
Netherlands;1988;24.43990676
Netherlands;1987;24.4633265
Netherlands;1986;27.13191862
Netherlands;1985;27.72229204
Netherlands;1984;29.26356589
Netherlands;1983;30.74200887
Netherlands;1982;32.2538742
Netherlands;1981;33.02503948
Netherlands;1980;34.78221
Netherlands;1979;36.5854812
Netherlands;1978;37.01077844
Netherlands;1977;37.17917676
Netherlands;1976;37.11614173
Netherlands;1975;37.75849244
Netherlands;1974;37.60051548
Netherlands;1973;38.03703844
Netherlands;1972;37.6020431
Netherlands;1971;37.99920461
Netherlands;1970;38.35124054
Netherlands;1969;38.25502345
Netherlands;1968;39.19139065
Netherlands;1967;40.04674327
Netherlands;1966;40.51620444
Netherlands;1965;39.91754798
Netherlands;1964;40.05391513
Netherlands;1963;41.12376969
Netherlands;1962;40.89063701
Netherlands;1961;41.13209762
Netherlands;1960;41.66133923
New Zealand;2017;17.02638889
New Zealand;2016;17.66259459
New Zealand;2015;17.94115887
New Zealand;2014;18.69983603
New Zealand;2013;19.75194004
New Zealand;2012;20.86873968
New Zealand;2011;21.14474191
New Zealand;2010;21.04367829
New Zealand;2009;21.65191428
New Zealand;2008;20.7634594
New Zealand;2007;21.0168461
New Zealand;2006;21.28326964
New Zealand;2005;20.93422993
New Zealand;2004;20.83948577
New Zealand;2003;21.19568528
New Zealand;2002;22.25988811
New Zealand;2001;22.28881232
New Zealand;2000;22.37890817
New Zealand;1999;21.68710557
New Zealand;1998;22.14026855
New Zealand;1997;23.41595828
New Zealand;1996;24.68445966
New Zealand;1995;27.22898812
New Zealand;1994;29.61988811
New Zealand;1993;33.67454111
New Zealand;1992;35.98890477
New Zealand;1991;42.92838661
New Zealand;1990;49.68018531
New Zealand;1989;52.98260657
New Zealand;1988;51.7837498
New Zealand;1987;50.40687161
New Zealand;1986;51.31727938
New Zealand;1985;55.98360656
New Zealand;1984;59.47368421
New Zealand;1983;64.46428571
New Zealand;1982;65.13513514
New Zealand;1981;65.67573748
New Zealand;1980;69.11907067
New Zealand;1979;68.97560976
New Zealand;1978;65.73341238
New Zealand;1977;62.77616661
New Zealand;1976;61.02454045
New Zealand;1975;60.91051207
New Zealand;1974;59.3301249
New Zealand;1973;58.9735416
New Zealand;1972;56.25649701
New Zealand;1971;56.32980055
New Zealand;1970;56.51830167
New Zealand;1969;39.8828074
New Zealand;1968;40.45144124
New Zealand;1967;41.45581921
New Zealand;1966;41.77193326
New Zealand;1965;42.54277108
New Zealand;1964;43.357125
New Zealand;1963;43.39324675
New Zealand;1962;43.67467192
New Zealand;1961;43.57265531
New Zealand;1960;45.84303448
Norway;2017;50.98263861
Norway;2016;50.90010899
Norway;2015;52.13627131
Norway;2014;52.10039402
Norway;2013;51.84327263
Norway;2012;51.74770318
Norway;2011;51.74690579
Norway;2010;52.28832654
Norway;2009;52.16532631
Norway;2008;51.64346738
Norway;2007;51.99736495
Norway;2006;53.10355081
Norway;2005;53.03109447
Norway;2004;53.26414239
Norway;2003;53.70445781
Norway;2002;53.23780264
Norway;2001;52.67301224
Norway;2000;52.98680125
Norway;1999;53.19801349
Norway;1998;53.74867876
Norway;1997;53.86236826
Norway;1996;56.27180422
Norway;1995;57.33891666
Norway;1994;57.83018868
Norway;1993;57.97224582
Norway;1992;58.06927882
Norway;1991;58.09659091
Norway;1990;58.54169616
Norway;1989;57.93530239
Norway;1988;56.12445415
Norway;1987;55.68064953
Norway;1986;57.05365854
Norway;1985;57.49138921
Norway;1984;58.31425598
Norway;1983;58.09681798
Norway;1982;58.13826562
Norway;1981;57.7359064
Norway;1980;57.87037037
Norway;1979;55.46583851
Norway;1978;54.01040845
Norway;1977;53.59023764
Norway;1976;52.80950809
Norway;1975;53.80960638
Norway;1974;54.10242588
Norway;1973;53.13367421
Norway;1972;51.92023634
Norway;1971;54.68126711
Norway;1970;56.79135495
Norway;1969;57.22006832
Norway;1968;57.24652778
Norway;1967;57.64122807
Norway;1966;58.13976765
Norway;1965;59.02377939
Norway;1964;59.25472044
Norway;1963;60.05641264
Norway;1962;59.83706816
Norway;1961;60.81502836
Norway;1960;60.02034716
Philippines;2017;
Philippines;2016;7.973156507
Philippines;2015;8.693379791
Philippines;2014;8.561021109
Philippines;2013;8.481793221
Philippines;2012;8.530992928
Philippines;2011;8.661135456
Philippines;2010;8.731223887
Philippines;2009;10.6278771
Philippines;2008;10.93662445
Philippines;2007;10.954992
Philippines;2006;11.12577221
Philippines;2005;11.70630056
Philippines;2004;
Philippines;2003;
Philippines;2002;
Philippines;2001;
Philippines;2000;27.13105925
Philippines;1999;
Philippines;1998;27.39469461
Philippines;1997;26.79423516
Philippines;1996;27.57385461
Philippines;1995;30.6043942
Philippines;1994;30.61635856
Philippines;1993;29.38189338
Philippines;1992;29.6278265
Philippines;1991;29.81794061
Philippines;1990;29.70000486
Philippines;1989;29.40086053
Philippines;1988;22.80076336
Philippines;1987;23.2003503
Philippines;1986;24.59867242
Philippines;1985;24.10089936
Philippines;1984;23.79960078
Philippines;1983;26.20070028
Philippines;1982;30.74367106
Philippines;1981;30.19893921
Philippines;1980;27.00158864
Philippines;1979;
Philippines;1978;
Philippines;1977;
Philippines;1976;
Philippines;1975;
Philippines;1974;
Philippines;1973;
Philippines;1972;
Philippines;1971;
Philippines;1970;
Philippines;1969;
Philippines;1968;
Philippines;1967;
Philippines;1966;
Philippines;1965;
Philippines;1964;
Philippines;1963;
Philippines;1962;
Philippines;1961;
Philippines;1960;
Poland;2017;
Poland;2016;12.31666296
Poland;2015;12.40547737
Poland;2014;12.84103996
Poland;2013;12.33879366
Poland;2012;11.58202139
Poland;2011;12.50766094
Poland;2010;13.43835407
Poland;2009;14.04196261
Poland;2008;14.38083913
Poland;2007;13.985174
Poland;2006;14.7468131
Poland;2005;15.99407217
Poland;2004;17.08614388
Poland;2003;17.67873198
Poland;2002;17.9807061
Poland;2001;19.08051488
Poland;2000;19.92712366
Poland;1999;20.41909273
Poland;1998;19.21396131
Poland;1997;19.30235765
Poland;1996;19.90474159
Poland;1995;20.19667717
Poland;1994;22.22551489
Poland;1993;21.45818093
Poland;1992;24.83006042
Poland;1991;
Poland;1990;32.97908232
Poland;1989;
Poland;1988;
Poland;1987;
Poland;1986;
Poland;1985;38.10128592
Poland;1984;
Poland;1983;
Poland;1982;
Poland;1981;96.59969088
Poland;1980;
Poland;1979;
Poland;1978;93.6183492
Poland;1977;
Poland;1976;
Poland;1975;98.86385659
Poland;1974;
Poland;1973;
Poland;1972;
Poland;1971;
Poland;1970;89.99142939
Poland;1969;
Poland;1968;
Poland;1967;
Poland;1966;94.51795841
Poland;1965;
Poland;1964;
Poland;1963;
Poland;1962;
Poland;1961;
Poland;1960;80.6892779
Portugal;2017;
Portugal;2016;15.30581899
Portugal;2015;16.06964882
Portugal;2014;17.04710823
Portugal;2013;18.82189421
Portugal;2012;19.07345399
Portugal;2011;18.68127431
Portugal;2010;19.63064614
Portugal;2009;
Portugal;2008;20.74774565
Portugal;2007;
Portugal;2006;21.09091861
Portugal;2005;
Portugal;2004;21.56276256
Portugal;2003;21.12676056
Portugal;2002;20.52008256
Portugal;2001;
Portugal;2000;
Portugal;1999;
Portugal;1998;
Portugal;1997;25.21337405
Portugal;1996;
Portugal;1995;26.58248879
Portugal;1994;
Portugal;1993;
Portugal;1992;
Portugal;1991;
Portugal;1990;29.25743361
Portugal;1989;31.98168738
Portugal;1988;35.03427266
Portugal;1987;38.62532026
Portugal;1986;41.20756069
Portugal;1985;44.60628129
Portugal;1984;47.23837209
Portugal;1983;47.21634954
Portugal;1982;50.49396268
Portugal;1981;53.54449472
Portugal;1980;54.8253849
Portugal;1979;60.09615385
Portugal;1978;60.76011443
Portugal;1977;
Portugal;1976;
Portugal;1975;
Portugal;1974;
Portugal;1973;
Portugal;1972;
Portugal;1971;
Portugal;1970;
Portugal;1969;
Portugal;1968;
Portugal;1967;
Portugal;1966;
Portugal;1965;
Portugal;1964;
Portugal;1963;
Portugal;1962;
Portugal;1961;
Portugal;1960;
Romania;2017;
Romania;2016;19.16583433
Romania;2015;
Romania;2014;
Romania;2013;
Romania;2012;22.10628183
Romania;2011;
Romania;2010;
Romania;2009;
Romania;2008;32.06281228
Romania;2007;31.97474168
Romania;2006;31.53538813
Romania;2005;
Romania;2004;
Romania;2003;35.92994103
Romania;2002;34.73072215
Romania;2001;
Romania;2000;
Romania;1999;
Romania;1998;45.0892588
Romania;1997;
Romania;1996;
Romania;1995;
Romania;1994;
Romania;1993;68.65780568
Romania;1992;
Romania;1991;80.17638805
Romania;1990;
Romania;1989;
Romania;1988;
Romania;1987;
Romania;1986;
Romania;1985;
Romania;1984;
Romania;1983;
Romania;1982;
Romania;1981;
Romania;1980;
Romania;1979;
Romania;1978;
Romania;1977;
Romania;1976;
Romania;1975;
Romania;1974;
Romania;1973;
Romania;1972;
Romania;1971;
Romania;1970;
Romania;1969;
Romania;1968;
Romania;1967;
Romania;1966;
Romania;1965;
Romania;1964;
Romania;1963;
Romania;1962;
Romania;1961;
Romania;1960;
Russian Federation;2017;
Russian Federation;2016;26.87850914
Russian Federation;2015;27.56709234
Russian Federation;2014;28.88758324
Russian Federation;2013;29.75965678
Russian Federation;2012;31.08201447
Russian Federation;2011;32.96519665
Russian Federation;2010;33.73338654
Russian Federation;2009;36.80598877
Russian Federation;2008;38.27500228
Russian Federation;2007;40.98862107
Russian Federation;2006;43.6777275
Russian Federation;2005;46.87375738
Russian Federation;2004;50.86912476
Russian Federation;2003;55.01284093
Russian Federation;2002;59.77845373
Russian Federation;2001;62.40288707
Russian Federation;2000;64.37568362
Russian Federation;1999;66.34250391
Russian Federation;1998;72.4573385
Russian Federation;1997;74.82865336
Russian Federation;1996;76.59471649
Russian Federation;1995;82.62804001
Russian Federation;1994;86.50089398
Russian Federation;1993;88.79887833
Russian Federation;1992;84.26880372
Russian Federation;1991;
Russian Federation;1990;79.41176471
Russian Federation;1989;
Russian Federation;1988;
Russian Federation;1987;
Russian Federation;1986;
Russian Federation;1985;
Russian Federation;1984;
Russian Federation;1983;
Russian Federation;1982;100
Russian Federation;1981;
Russian Federation;1980;
Russian Federation;1979;100
Russian Federation;1978;
Russian Federation;1977;
Russian Federation;1976;
Russian Federation;1975;
Russian Federation;1974;
Russian Federation;1973;
Russian Federation;1972;
Russian Federation;1971;
Russian Federation;1970;
Russian Federation;1969;
Russian Federation;1968;100
Russian Federation;1967;
Russian Federation;1966;
Russian Federation;1965;
Russian Federation;1964;
Russian Federation;1963;
Russian Federation;1962;
Russian Federation;1961;
Russian Federation;1960;
Singapore;2017;
Singapore;2016;
Singapore;2015;21.21119934
Singapore;2014;20.84227832
Singapore;2013;20.40662872
Singapore;2012;19.35072555
Singapore;2011;18.90720257
Singapore;2010;18.0295082
Singapore;2009;17.59785882
Singapore;2008;17.50169262
Singapore;2007;18.09872029
Singapore;2006;18.60184813
Singapore;2005;19.39655172
Singapore;2004;20.09959258
Singapore;2003;20.50963618
Singapore;2002;19.31958354
Singapore;2001;16.53039187
Singapore;2000;16.76321962
Singapore;1999;15.57983329
Singapore;1998;17.0002493
Singapore;1997;14.21009505
Singapore;1996;14.59007952
Singapore;1995;13.81001879
Singapore;1994;14.12021096
Singapore;1993;14.81044232
Singapore;1992;14.50961233
Singapore;1991;14.23981633
Singapore;1990;14.43957539
Singapore;1989;15.26963632
Singapore;1988;15.83944127
Singapore;1987;16.24038841
Singapore;1986;17.49938939
Singapore;1985;17.40055368
Singapore;1984;16.40047737
Singapore;1983;17.58421188
Singapore;1982;18.79984212
Singapore;1981;20.20005402
Singapore;1980;22.79953249
Singapore;1979;24.5005887
Singapore;1978;24.79922537
Singapore;1977;25.34085629
Singapore;1976;25.50109158
Singapore;1975;25.01931382
Singapore;1974;24.70100716
Singapore;1973;31.4109252
Singapore;1972;30.47226277
Singapore;1971;25.50769231
Singapore;1970;25.35226504
Singapore;1969;30.05081352
Singapore;1968;32.60207792
Singapore;1967;
Singapore;1966;
Singapore;1965;
Singapore;1964;
Singapore;1963;
Singapore;1962;
Singapore;1961;
Singapore;1960;
Slovakia;2017;
Slovakia;2016;10.6777087
Slovakia;2015;11.18853904
Slovakia;2014;
Slovakia;2013;13.29721354
Slovakia;2012;13.59498937
Slovakia;2011;14.06775524
Slovakia;2010;15.22889585
Slovakia;2009;16.02366449
Slovakia;2008;17.1794884
Slovakia;2007;18.76684775
Slovakia;2006;20.55750434
Slovakia;2005;22.78127351
Slovakia;2004;23.65208174
Slovakia;2003;26.18306134
Slovakia;2002;27.4263884
Slovakia;2001;30.50811814
Slovakia;2000;32.27226812
Slovakia;1999;34.1659562
Slovakia;1998;36.16061687
Slovakia;1997;41.968705
Slovakia;1996;47.82770501
Slovakia;1995;56.06149323
Slovakia;1994;64.18248258
Slovakia;1993;70.65
Slovakia;1992;
Slovakia;1991;
Slovakia;1990;
Slovakia;1989;
Slovakia;1988;
Slovakia;1987;
Slovakia;1986;
Slovakia;1985;
Slovakia;1984;
Slovakia;1983;
Slovakia;1982;
Slovakia;1981;
Slovakia;1980;
Slovakia;1979;
Slovakia;1978;
Slovakia;1977;
Slovakia;1976;
Slovakia;1975;
Slovakia;1974;
Slovakia;1973;
Slovakia;1972;
Slovakia;1971;
Slovakia;1970;
Slovakia;1969;
Slovakia;1968;
Slovakia;1967;
Slovakia;1966;
Slovakia;1965;
Slovakia;1964;
Slovakia;1963;
Slovakia;1962;
Slovakia;1961;
Slovakia;1960;
Slovenia;2017;
Slovenia;2016;20.38346391
Slovenia;2015;20.9071667
Slovenia;2014;26.41040362
Slovenia;2013;23.20073619
Slovenia;2012;23.88938022
Slovenia;2011;33.13969071
Slovenia;2010;29.60012618
Slovenia;2009;37.07678888
Slovenia;2008;27.34666612
Slovenia;2007;30.57895847
Slovenia;2006;32.17184597
Slovenia;2005;37.45353074
Slovenia;2004;37.07939778
Slovenia;2003;45.33032004
Slovenia;2002;47.11104568
Slovenia;2001;43.33515086
Slovenia;2000;44.18829112
Slovenia;1999;42.06369416
Slovenia;1998;43.53956801
Slovenia;1997;45.1525451
Slovenia;1996;50.20805525
Slovenia;1995;51.85422099
Slovenia;1994;55.55809392
Slovenia;1993;56.3811768
Slovenia;1992;67.90433702
Slovenia;1991;68.41876381
Slovenia;1990;69
Slovenia;1989;
Slovenia;1988;
Slovenia;1987;
Slovenia;1986;
Slovenia;1985;
Slovenia;1984;
Slovenia;1983;
Slovenia;1982;
Slovenia;1981;
Slovenia;1980;
Slovenia;1979;
Slovenia;1978;91.50182088
Slovenia;1977;
Slovenia;1976;
Slovenia;1975;
Slovenia;1974;
Slovenia;1973;90.78895079
Slovenia;1972;
Slovenia;1971;
Slovenia;1970;
Slovenia;1969;
Slovenia;1968;90.67640669
Slovenia;1967;
Slovenia;1966;
Slovenia;1965;
Slovenia;1964;
Slovenia;1963;87.12967552
Slovenia;1962;
Slovenia;1961;
Slovenia;1960;
South Africa;2017;
South Africa;2016;
South Africa;2015;
South Africa;2014;
South Africa;2013;
South Africa;2012;
South Africa;2011;
South Africa;2010;
South Africa;2009;
South Africa;2008;
South Africa;2007;
South Africa;2006;
South Africa;2005;
South Africa;2004;
South Africa;2003;
South Africa;2002;
South Africa;2001;
South Africa;2000;35.82040591
South Africa;1999;
South Africa;1998;
South Africa;1997;
South Africa;1996;
South Africa;1995;
South Africa;1994;
South Africa;1993;
South Africa;1992;
South Africa;1991;
South Africa;1990;
South Africa;1989;
South Africa;1988;
South Africa;1987;
South Africa;1986;
South Africa;1985;17.7
South Africa;1984;
South Africa;1983;
South Africa;1982;
South Africa;1981;
South Africa;1980;
South Africa;1979;
South Africa;1978;
South Africa;1977;
South Africa;1976;
South Africa;1975;
South Africa;1974;
South Africa;1973;
South Africa;1972;
South Africa;1971;
South Africa;1970;
South Africa;1969;
South Africa;1968;
South Africa;1967;
South Africa;1966;
South Africa;1965;
South Africa;1964;
South Africa;1963;
South Africa;1962;
South Africa;1961;
South Africa;1960;
Spain;2017;
Spain;2016;14.78949688
Spain;2015;15.16157164
Spain;2014;16.81162951
Spain;2013;17.9355268
Spain;2012;18.16440128
Spain;2011;17.915428
Spain;2010;18.31197107
Spain;2009;18.34266198
Spain;2008;17.45347075
Spain;2007;16.25981174
Spain;2006;15.89313795
Spain;2005;15.86774568
Spain;2004;16.29295349
Spain;2003;16.68323422
Spain;2002;16.93104616
Spain;2001;17.19943291
Spain;2000;17.371052
Spain;1999;17.59088652
Spain;1998;17.92553883
Spain;1997;17.26180084
Spain;1996;17.7997681
Spain;1995;18.19967407
Spain;1994;19.50007333
Spain;1993;19.80042031
Spain;1992;18.09982485
Spain;1991;16.10042913
Spain;1990;13.72959319
Spain;1989;13.11500907
Spain;1988;12.93009924
Spain;1987;12.16424135
Spain;1986;11.9510009
Spain;1985;12.43524673
Spain;1984;12.13802105
Spain;1983;12.40904732
Spain;1982;12.01056187
Spain;1981;11.09065256
Spain;1980;13.2772687
Spain;1979;31.21060311
Spain;1978;44.48513473
Spain;1977;18.0949591
Spain;1976;
Spain;1975;
Spain;1974;
Spain;1973;
Spain;1972;
Spain;1971;
Spain;1970;
Spain;1969;
Spain;1968;
Spain;1967;
Spain;1966;
Spain;1965;
Spain;1964;
Spain;1963;
Spain;1962;
Spain;1961;
Spain;1960;
Sweden;2017;62
Sweden;2016;62.44354759
Sweden;2015;61.74797522
Sweden;2014;61.767193
Sweden;2013;61.97767528
Sweden;2012;62.37626122
Sweden;2011;62.40263262
Sweden;2010;63.50415876
Sweden;2009;64.23699973
Sweden;2008;64.62247258
Sweden;2007;67.02245528
Sweden;2006;72.26576424
Sweden;2005;74.247436
Sweden;2004;76.44085859
Sweden;2003;77.21358176
Sweden;2002;78.00999194
Sweden;2001;78.71391373
Sweden;2000;81.00558897
Sweden;1999;82.69526582
Sweden;1998;83.88960774
Sweden;1997;84.04558592
Sweden;1996;84.54108605
Sweden;1995;85.93490494
Sweden;1994;86.59767679
Sweden;1993;86.35550325
Sweden;1992;84.67682521
Sweden;1991;82.67112506
Sweden;1990;81.50458318
Sweden;1989;83.29465854
Sweden;1988;84.1814687
Sweden;1987;85.05945677
Sweden;1986;82.42821049
Sweden;1985;81.28822274
Sweden;1984;80.74481627
Sweden;1983;79.65306122
Sweden;1982;78.98774619
Sweden;1981;78.399606
Sweden;1980;78.06644618
Sweden;1979;77.3761738
Sweden;1978;77.10489618
Sweden;1977;76.1172378
Sweden;1976;73.99087104
Sweden;1975;73.1617927
Sweden;1974;71.94098672
Sweden;1973;70.49242885
Sweden;1972;69.23447222
Sweden;1971;68.06339686
Sweden;1970;66.58728522
Sweden;1969;67.04330476
Sweden;1968;66.18820174
Sweden;1967;65.84536615
Sweden;1966;64.76870831
Sweden;1965;65.37954616
Sweden;1964;65.50403913
Sweden;1963;64.76104558
Sweden;1962;65.89437562
Sweden;1961;64.96669618
Sweden;1960;64.55451932
Switzerland;2017;
Switzerland;2016;17.63340938
Switzerland;2015;17.99027313
Switzerland;2014;18.4376446
Switzerland;2013;18.94851733
Switzerland;2012;18.86093527
Switzerland;2011;19.31469069
Switzerland;2010;19.86835414
Switzerland;2009;17.33850413
Switzerland;2008;17.54438541
Switzerland;2007;18.45360458
Switzerland;2006;18.85911231
Switzerland;2005;19.3144445
Switzerland;2004;19.45803431
Switzerland;2003;19.91770298
Switzerland;2002;19.89237412
Switzerland;2001;19.72702864
Switzerland;2000;20.18314758
Switzerland;1999;20.90797859
Switzerland;1998;21.47407801
Switzerland;1997;21.80263921
Switzerland;1996;22.21851711
Switzerland;1995;22.66778568
Switzerland;1994;23.11292128
Switzerland;1993;22.96789154
Switzerland;1992;22.8418793
Switzerland;1991;22.51041821
Switzerland;1990;22.52149192
Switzerland;1989;22.75770474
Switzerland;1988;23.13759322
Switzerland;1987;23.55442024
Switzerland;1986;23.87298309
Switzerland;1985;24.78849639
Switzerland;1984;26.06333403
Switzerland;1983;26.42331084
Switzerland;1982;26.55677552
Switzerland;1981;26.87527589
Switzerland;1980;27.48112222
Switzerland;1979;27.92176813
Switzerland;1978;28.29334977
Switzerland;1977;28.69780229
Switzerland;1976;29.0518449
Switzerland;1975;27.78555558
Switzerland;1974;24.8796995
Switzerland;1973;24.62038063
Switzerland;1972;24.80549294
Switzerland;1971;25.06417943
Switzerland;1970;24.85212121
Switzerland;1969;25.88434611
Switzerland;1968;26.28277999
Switzerland;1967;26.88692383
Switzerland;1966;27.80584744
Switzerland;1965;28.2172559
Switzerland;1964;28.48713838
Switzerland;1963;28.90725357
Switzerland;1962;29.56494441
Switzerland;1961;30.22166616
Switzerland;1960;31.01627614
Taiwan;2017;
Taiwan;2016;
Taiwan;2015;32.75395034
Taiwan;2014;
Taiwan;2013;
Taiwan;2012;
Taiwan;2011;
Taiwan;2010;39.69519931
Taiwan;2009;40.27875523
Taiwan;2008;38.51206024
Taiwan;2007;39.13250582
Taiwan;2006;39.57831853
Taiwan;2005;40.79712338
Taiwan;2004;41.65333707
Taiwan;2003;42.15215249
Taiwan;2002;42.33352533
Taiwan;2001;42.80700164
Taiwan;2000;42.51897421
Taiwan;1999;40.00220005
Taiwan;1998;41.08860759
Taiwan;1997;42.18404286
Taiwan;1996;44.59615385
Taiwan;1995;46.59546805
Taiwan;1994;48.89369033
Taiwan;1993;49.48698908
Taiwan;1992;48.08827044
Taiwan;1991;47.98965742
Taiwan;1990;43.3022306
Taiwan;1989;38.59113238
Taiwan;1988;41.59
Taiwan;1987;39.25
Taiwan;1986;34.5
Taiwan;1985;32.5
Taiwan;1984;28.79
Taiwan;1983;27.7
Taiwan;1982;26.77
Taiwan;1981;27.35
Taiwan;1980;26.16
Taiwan;1979;25.18
Taiwan;1978;24.34
Taiwan;1977;24.47
Taiwan;1976;23.28
Taiwan;1975;21.79
Taiwan;1974;20.49
Taiwan;1973;
Taiwan;1972;
Taiwan;1971;
Taiwan;1970;
Taiwan;1969;
Taiwan;1968;
Taiwan;1967;
Taiwan;1966;
Taiwan;1965;
Taiwan;1964;
Taiwan;1963;
Taiwan;1962;
Taiwan;1961;
Taiwan;1960;
Turkey;2017;
Turkey;2016;8.162916545
Turkey;2015;8.001433371
Turkey;2014;6.947213186
Turkey;2013;6.314815098
Turkey;2012;
Turkey;2011;
Turkey;2010;
Turkey;2009;
Turkey;2008;10.67975065
Turkey;2007;
Turkey;2006;
Turkey;2005;
Turkey;2004;
Turkey;2003;16.58751875
Turkey;2002;17.37175051
Turkey;2001;18.8894527
Turkey;2000;15.96053051
Turkey;1999;19.9908551
Turkey;1998;18.90882076
Turkey;1997;18.43243347
Turkey;1996;19.09538571
Turkey;1995;20.00445781
Turkey;1994;20.48596273
Turkey;1993;19.29147447
Turkey;1992;18.24017149
Turkey;1991;18.23190329
Turkey;1990;17.10491276
Turkey;1989;20.87937867
Turkey;1988;20.82426778
Turkey;1987;17.83600667
Turkey;1986;17.97932064
Turkey;1985;15.61937488
Turkey;1984;12.5867321
Turkey;1983;
Turkey;1982;
Turkey;1981;
Turkey;1980;
Turkey;1979;
Turkey;1978;19.04907081
Turkey;1977;
Turkey;1976;
Turkey;1975;21.86355928
Turkey;1974;
Turkey;1973;
Turkey;1972;
Turkey;1971;
Turkey;1970;
Turkey;1969;33.14080181
Turkey;1968;29.51168504
Turkey;1967;25.5
Turkey;1966;11.71212239
Turkey;1965;12.49748988
Turkey;1964;12.21521218
Turkey;1963;11.28433037
Turkey;1962;11.59621547
Turkey;1961;11.9218528
Turkey;1960;12.0837703
United Kingdom;2017;23.21600271
United Kingdom;2016;23.71549568
United Kingdom;2015;24.23285933
United Kingdom;2014;24.95921133
United Kingdom;2013;25.4136542
United Kingdom;2012;26.05336533
United Kingdom;2011;26.45641882
United Kingdom;2010;26.79689508
United Kingdom;2009;26.95888591
United Kingdom;2008;27.03681541
United Kingdom;2007;27.16816625
United Kingdom;2006;27.22635872
United Kingdom;2005;26.97976788
United Kingdom;2004;27.63244634
United Kingdom;2003;28.52659311
United Kingdom;2002;28.65761627
United Kingdom;2001;28.95810627
United Kingdom;2000;29.70529151
United Kingdom;1999;30.00645834
United Kingdom;1998;30.10800183
United Kingdom;1997;31.41481433
United Kingdom;1996;32.56727682
United Kingdom;1995;33.88714805
United Kingdom;1994;36.23667155
United Kingdom;1993;37.5492372
United Kingdom;1992;39.4534787
United Kingdom;1991;39.7559438
United Kingdom;1990;39.58920008
United Kingdom;1989;41.14297031
United Kingdom;1988;42.25901118
United Kingdom;1987;44.01162791
United Kingdom;1986;45.5270602
United Kingdom;1985;45.27683418
United Kingdom;1984;47.80820308
United Kingdom;1983;50.11248474
United Kingdom;1982;51.9701216
United Kingdom;1981;52.10542593
United Kingdom;1980;52.17551558
United Kingdom;1979;50.7394811
United Kingdom;1978;50.26831196
United Kingdom;1977;48.2894795
United Kingdom;1976;46.5433249
United Kingdom;1975;43.7771416
United Kingdom;1974;46.42982533
United Kingdom;1973;45.45077446
United Kingdom;1972;46.17992767
United Kingdom;1971;45.27257933
United Kingdom;1970;44.79364231
United Kingdom;1969;41.68974212
United Kingdom;1968;40.53419936
United Kingdom;1967;40.24528302
United Kingdom;1966;39.73789542
United Kingdom;1965;40.2935565
United Kingdom;1964;40.34482759
United Kingdom;1963;40.29127941
United Kingdom;1962;40.18279905
United Kingdom;1961;40.18190005
United Kingdom;1960;40.46028843
United States of America;2017;
United States of America;2016;
United States of America;2015;
United States of America;2014;
United States of America;2013;
United States of America;2012;
United States of America;2011;
United States of America;2010;
United States of America;2009;
United States of America;2008;
United States of America;2007;
United States of America;2006;
United States of America;2005;
United States of America;2004;
United States of America;2003;
United States of America;2002;
United States of America;2001;
United States of America;2000;
United States of America;1999;
United States of America;1998;
United States of America;1997;
United States of America;1996;
United States of America;1995;
United States of America;1994;
United States of America;1993;
United States of America;1992;
United States of America;1991;
United States of America;1990;
United States of America;1989;
United States of America;1988;
United States of America;1987;
United States of America;1986;
United States of America;1985;
United States of America;1984;
United States of America;1983;
United States of America;1982;
United States of America;1981;
United States of America;1980;22.06009466
United States of America;1979;22.36400776
United States of America;1978;23.94328194
United States of America;1977;23.59186681
United States of America;1976;24.38412814
United States of America;1975;25.28771204
United States of America;1974;25.74427582
United States of America;1973;25.83134349
United States of America;1972;26.25996487
United States of America;1971;26.94941363
United States of America;1970;27.43402867
United States of America;1969;27.30836054
United States of America;1968;27.9004622
United States of America;1967;27.76578899
United States of America;1966;28.19557735
United States of America;1965;28.16661991
United States of America;1964;28.30646144
United States of America;1963;28.51337535
United States of America;1962;29.34276869
United States of America;1961;29.51891217
United States of America;1960;30.89748411
